date,gdp_sa,cpi,fx,mpr
1996-01,,42.252231,2.347159,
1996-02,,42.900284,2.353595,
1996-03,,43.492376,2.355286,
1996-04,,43.871304,2.363875,
1996-05,,44.190466,2.409136,
1996-06,,44.396162,2.439350,
1996-07,,45.006166,2.444364,
1996-08,,45.422177,2.465357,
1996-09,,45.569402,2.490405,
1996-10,,45.904134,2.553705,
1996-11,,46.118954,2.583200,
1996-12,,46.674943,2.583381,
1997-01,,46.899505,2.625250,
1997-02,,46.941214,2.638125,
1997-03,,47.539255,2.633158,
1997-04,,47.723350,2.660864,
1997-05,,48.083716,2.663667,
1997-06,,48.605995,2.655643,
1997-07,,49.008795,2.651619,
1997-08,,49.119921,2.653674,
1997-09,,49.263586,2.644068,
1997-10,,49.338231,2.662591,
1997-11,,49.376541,2.719700,
1997-12,,49.691558,2.716405,
1998-01,,50.141917,2.744262,
1998-02,,50.760967,2.798225,
1998-03,,51.430423,2.805659,
1998-04,,51.744718,2.818650,
1998-05,,52.051804,2.842775,
1998-06,,52.327878,2.906024,
1998-07,,52.656532,2.918762,
1998-08,,52.795776,2.960333,
1998-09,,52.511746,3.041114,
1998-10,,52.335901,3.048675,
1998-11,,52.351818,3.091357,
1998-12,,52.676427,3.134071,
1999-01,,52.683812,3.247300,
1999-02,,52.849741,3.394475,
1999-03,,53.173233,3.378217,
1999-04,,53.486786,3.347950,
1999-05,,53.738800,3.331000,
1999-06,,53.835319,3.337738,
1999-07,,53.977033,3.322550,
1999-08,,54.069388,3.361405,
1999-09,,54.318095,3.418136,
1999-10,,54.252496,3.472375,
1999-11,,54.402980,3.481690,
1999-12,,54.639363,3.483841,
2000-01,,54.677231,3.499452,
2000-02,,54.939753,3.455952,
2000-03,,55.237118,3.442870,
2000-04,,55.519709,3.478889,
2000-05,,55.529015,3.503318,
2000-06,,55.564712,3.487024,
2000-07,,55.851605,3.480325,
2000-08,,56.113025,3.477545,
2000-09,,56.425048,3.484929,
2000-10,,56.556330,3.500341,
2000-11,,56.592421,3.528476,
2000-12,,56.679726,3.519579,
2001-01,,56.786104,3.522682,
2001-02,,56.925436,3.528450,
2001-03,,57.214566,3.519795,
2001-04,,56.976363,3.558737,
2001-05,,56.990194,3.600045,
2001-06,,56.957463,3.530757,
2001-07,,57.055857,3.503310,
2001-08,,56.882989,3.491590,
2001-09,,56.918688,3.490025,
2001-10,,56.940019,3.460068,
2001-11,,56.659381,3.439575,
2001-12,,56.607543,3.435360,
2002-01,,56.313226,3.459500,
2002-02,,56.291082,3.476600,
2002-03,,56.594161,3.456237,
2002-04,,57.006912,3.438818,
2002-05,,57.086049,3.451409,
2002-06,,56.956304,3.480666,
2002-07,,56.975845,3.532976,
2002-08,,57.033330,3.570119,
2002-09,,57.303414,3.619024,
2002-10,,57.714831,3.614995,
2002-11,,57.484334,3.583275,
2002-12,,57.465625,3.514238,
2003-01,74.997752,57.598612,3.493955,
2003-02,75.879351,57.868648,3.483950,
2003-03,76.066410,58.515493,3.479160,
2003-04,76.688140,58.485733,3.464625,
2003-05,76.860589,58.467003,3.481148,
2003-06,77.851425,58.190379,3.478762,
2003-07,77.416037,58.103549,3.471405,
2003-08,78.129910,58.111367,3.480262,
2003-09,78.347351,58.435976,3.480864,2.750000
2003-10,78.908142,58.464629,3.478205,2.750000
2003-11,75.209304,58.562665,3.477750,2.500000
2003-12,75.752133,58.892929,3.471286,2.500000
2004-01,78.091980,59.209448,3.467167,2.500000
2004-02,78.939324,59.852513,3.483500,2.500000
2004-03,79.857177,60.128103,3.465085,2.500000
2004-04,80.332059,60.114412,3.469650,2.500000
2004-05,80.277225,60.327123,3.487238,2.500000
2004-06,80.142937,60.667252,3.477167,2.500000
2004-07,80.552120,60.784405,3.441300,2.500000
2004-08,81.067296,60.778606,3.395452,2.750000
2004-09,81.977566,60.788750,3.357591,2.750000
2004-10,81.847518,60.774314,3.321025,3.000000
2004-11,81.527169,60.948742,3.310167,3.000000
2004-12,82.722797,60.943040,3.281068,3.000000
2005-01,83.076186,61.004074,3.268214,3.000000
2005-02,84.744379,60.860946,3.258825,3.000000
2005-03,82.438317,61.256661,3.259310,3.000000
2005-04,84.537969,61.329449,3.257950,3.000000
2005-05,85.404729,61.406927,3.254881,3.000000
2005-06,85.286357,61.568883,3.252762,3.000000
2005-07,85.944411,61.633291,3.252053,3.000000
2005-08,85.679120,61.522594,3.257341,3.000000
2005-09,86.524571,61.464591,3.307523,3.000000
2005-10,87.123429,61.553580,3.380786,3.000000
2005-11,89.087553,61.595464,3.376071,3.000000
2005-12,87.912113,61.853687,3.424286,3.250000
2006-01,89.605727,62.162714,3.393295,3.500000
2006-02,89.948124,62.503538,3.288725,3.750000
2006-03,91.626607,62.789281,3.339326,4.000000
2006-04,90.831663,63.109511,3.331528,4.250000
2006-05,90.974654,62.776323,3.279041,4.500000
2006-06,91.880391,62.693121,3.264064,4.500000
2006-07,91.539418,62.586267,3.243100,4.500000
2006-08,93.250601,62.673478,3.234386,4.500000
2006-09,92.604115,62.690631,3.247738,4.500000
2006-10,93.601306,62.718083,3.237455,4.500000
2006-11,93.695775,62.541121,3.222095,4.500000
2006-12,94.634347,62.557264,3.205316,4.500000
2007-01,96.170448,62.563161,3.192500,4.500000
2007-02,96.288126,62.725492,3.190300,4.500000
2007-03,97.831482,62.944301,3.185614,4.500000
2007-04,97.441840,63.056472,3.178289,4.500000
2007-05,100.527037,63.366629,3.167523,4.500000
2007-06,99.574922,63.664257,3.170200,4.500000
2007-07,100.210928,63.967009,3.160909,4.750000
2007-08,100.651163,64.054585,3.158182,4.750000
2007-09,100.978217,64.446920,3.135975,5.000000
2007-10,102.132121,64.649293,3.019864,5.000000
2007-11,103.674025,64.721058,3.001000,5.000000
2007-12,104.519690,65.014312,2.980775,5.000000
2008-01,105.308133,65.158674,2.950318,5.250000
2008-02,107.402329,65.749675,2.905500,5.250000
2008-03,107.343804,66.434689,2.810921,5.250000
2008-04,109.026492,66.537144,2.747864,5.500000
2008-05,108.101419,66.782993,2.804579,5.500000
2008-06,110.014932,67.296957,2.891619,5.750000
2008-07,110.063367,67.670772,2.848429,6.000000
2008-08,109.691103,68.070358,2.892310,6.250000
2008-09,110.742667,68.456454,2.965841,6.500000
2008-10,110.437306,68.876180,3.075159,6.500000
2008-11,110.531973,69.089024,3.091889,6.500000
2008-12,109.377089,69.337899,3.113775,6.500000
2009-01,110.369636,69.411244,3.151125,6.500000
2009-02,109.706951,69.359333,3.236125,6.250000
2009-03,108.478547,69.609179,3.174773,6.000000
2009-04,109.378452,69.622413,3.085025,5.000000
2009-05,110.800280,69.592471,2.994050,4.000000
2009-06,107.023018,69.356151,2.990476,3.000000
2009-07,108.611653,69.485631,3.012500,2.000000
2009-08,110.611990,69.341515,2.950548,1.250000
2009-09,110.928969,69.281059,2.909659,1.250000
2009-10,112.091019,69.366015,2.871775,1.250000
2009-11,113.168140,69.288278,2.884500,1.250000
2009-12,113.798278,69.507996,2.877474,1.250000
2010-01,114.066790,69.713682,2.856450,1.250000
2010-02,115.262996,69.938514,2.853975,1.250000
2010-03,116.784441,70.134910,2.839283,1.250000
2010-04,118.008785,70.152694,2.839850,1.250000
2010-05,119.065059,70.319559,2.845500,1.500000
2010-06,121.016451,70.495955,2.838050,1.750000
2010-07,119.833064,70.752529,2.822816,2.000000
2010-08,120.236261,70.942510,2.802024,2.500000
2010-09,122.041985,70.919803,2.790636,3.000000
2010-10,122.970312,70.819294,2.791475,3.000000
2010-11,123.231677,70.824893,2.805595,3.000000
2010-12,122.028484,70.951291,2.815675,3.000000
2011-01,124.493209,71.228311,2.787048,3.250000
2011-02,124.455706,71.500632,2.770525,3.500000
2011-03,125.546888,72.002901,2.779391,3.750000
2011-04,127.139479,72.493178,2.815632,4.000000
2011-05,125.646772,72.475993,2.774952,4.250000
2011-06,125.014391,72.547848,2.764071,4.250000
2011-07,127.592428,73.123118,2.741316,4.250000
2011-08,127.581693,73.317492,2.739381,4.250000
2011-09,127.987491,73.562508,2.743841,4.250000
2011-10,128.017422,73.794120,2.731825,4.250000
2011-11,129.133455,74.112484,2.704952,4.250000
2011-12,132.606321,74.313262,2.696263,4.250000
2012-01,130.800040,74.237966,2.692659,4.250000
2012-02,130.806110,74.479172,2.683524,4.250000
2012-03,133.194077,75.049695,2.671000,4.250000
2012-04,131.283680,75.448614,2.657028,4.250000
2012-05,134.733310,75.478236,2.669273,4.250000
2012-06,135.183578,75.450539,2.670575,4.250000
2012-07,135.719791,75.518715,2.635048,4.250000
2012-08,136.461299,75.902653,2.615976,4.250000
2012-09,137.375667,76.314581,2.602800,4.250000
2012-10,136.934161,76.189942,2.587600,4.250000
2012-11,136.929108,76.085205,2.598625,4.250000
2012-12,137.212652,76.282094,2.566889,4.250000
2013-01,139.220844,76.370137,2.551909,4.250000
2013-02,139.692314,76.301404,2.578053,4.250000
2013-03,140.502892,76.994851,2.593947,4.250000
2013-04,140.163007,77.189176,2.597500,4.250000
2013-05,140.945793,77.338603,2.644386,4.250000
2013-06,143.524738,77.541073,2.747500,4.250000
2013-07,143.141670,77.966370,2.776714,4.250000
2013-08,144.361689,78.389653,2.801738,4.250000
2013-09,143.569144,78.474926,2.778571,4.250000
2013-10,145.182902,78.504960,2.769119,4.250000
2013-11,147.221242,78.333628,2.798125,4.000000
2013-12,145.966016,78.463519,2.785250,4.000000
2014-01,145.063403,78.712128,2.808932,4.000000
2014-02,146.775451,79.185061,2.812650,4.000000
2014-03,145.810012,79.595682,2.806381,4.000000
2014-04,146.393851,79.908670,2.794375,4.000000
2014-05,145.456143,80.088488,2.786976,4.000000
2014-06,144.094981,80.215971,2.794238,4.000000
2014-07,145.887131,80.563557,2.786095,3.750000
2014-08,146.335649,80.494579,2.814476,3.750000
2014-09,146.888630,80.623775,2.863955,3.500000
2014-10,148.317666,80.929225,2.906045,3.500000
2014-11,147.497319,80.808267,2.925075,3.500000
2014-12,146.632070,80.993231,2.961500,3.500000
2015-01,147.756580,81.131159,3.005525,3.250000
2015-02,148.530398,81.377366,3.078525,3.250000
2015-03,149.734247,81.999630,3.091682,3.250000
2015-04,152.471072,82.319844,3.119953,3.250000
2015-05,148.001598,82.784429,3.150450,3.250000
2015-06,150.273069,83.059555,3.161238,3.250000
2015-07,151.302116,83.433977,3.181250,3.250000
2015-08,150.176591,83.748711,3.238357,3.250000
2015-09,151.412928,83.771774,3.218614,3.500000
2015-10,153.589303,83.891400,3.248375,3.500000
2015-11,152.919012,84.180046,3.336643,3.500000
2015-12,155.572580,84.555255,3.382667,3.750000
2016-01,153.366712,84.870240,3.437325,4.000000
2016-02,155.387715,85.017992,3.505905,4.250000
2016-03,157.356676,85.526500,3.407381,4.250000
2016-04,154.904926,85.536256,3.301548,4.250000
2016-05,154.278867,85.715509,3.333727,4.250000
2016-06,155.820145,85.835089,3.316571,4.250000
2016-07,157.861775,85.905257,3.298737,4.250000
2016-08,158.159984,86.213043,3.333045,4.250000
2016-09,157.982714,86.391042,3.382295,4.250000
2016-10,156.937610,86.748143,3.385952,4.250000
2016-11,158.314862,86.999769,3.402895,4.250000
2016-12,160.504523,87.290518,3.395357,4.250000
2017-01,159.998577,87.498132,3.340000,4.250000
2017-02,159.533282,87.780901,3.259825,4.250000
2017-03,157.127308,88.926054,3.263739,4.250000
2017-04,158.607743,88.696577,3.247361,4.250000
2017-05,159.641027,88.321091,3.272864,4.000000
2017-06,162.155533,88.180485,3.267800,4.000000
2017-07,161.172272,88.355334,3.248921,3.750000
2017-08,162.512303,88.949281,3.241432,3.750000
2017-09,163.540799,88.935254,3.246167,3.500000
2017-10,162.002157,88.517930,3.251045,3.500000
2017-11,161.436632,88.343339,3.240524,3.250000
2017-12,163.478735,88.481907,3.246184,3.250000
2018-01,164.625418,88.594649,3.215167,3.000000
2018-02,164.070013,88.816331,3.248375,3.000000
2018-03,166.034040,89.248976,3.251900,2.750000
2018-04,169.076281,89.126640,3.230625,2.750000
2018-05,170.022336,89.143089,3.273614,2.750000
2018-06,166.229055,89.440878,3.270950,2.750000
2018-07,164.593300,89.783246,3.276595,2.750000
2018-08,166.149764,89.901551,3.288071,2.750000
2018-09,167.812674,90.073875,3.311325,2.750000
2018-10,168.338485,90.147451,3.333909,2.750000
2018-11,169.283094,90.257826,3.374675,2.750000
2018-12,170.369016,90.421894,3.364026,2.750000
2019-01,167.455150,90.480968,3.343864,2.750000
2019-02,167.622825,90.595663,3.321475,2.750000
2019-03,170.550610,91.254794,3.304690,2.750000
2019-04,171.118900,91.437377,3.303825,2.750000
2019-05,171.236230,91.572352,3.332364,2.750000
2019-06,171.154931,91.493350,3.325650,2.750000
2019-07,171.000915,91.679390,3.290214,2.750000
2019-08,172.591279,91.735293,3.377560,2.500000
2019-09,171.356941,91.741149,3.357357,2.500000
2019-10,172.556453,91.842730,3.359762,2.500000
2019-11,173.371585,91.942756,3.371700,2.250000
2019-12,171.679404,92.139993,3.355190,2.250000
2020-01,172.934195,92.189571,3.327364,2.250000
2020-02,172.727215,92.320639,3.390350,2.250000
2020-03,140.503003,92.917030,3.491364,1.250000
2020-04,104.357180,93.014206,3.397500,0.250000
2020-05,116.059229,93.204097,3.421150,0.250000
2020-06,139.909970,92.956084,3.470167,0.250000
2020-07,152.557844,93.386181,3.516568,0.250000
2020-08,156.547131,93.283233,3.563929,0.250000
2020-09,160.519368,93.410429,3.554909,0.250000
2020-10,167.169521,93.426099,3.595614,0.250000
2020-11,168.922808,93.912362,3.607762,0.250000
2020-12,173.167361,93.958129,3.602619,0.250000
2021-01,172.164051,94.656145,3.624575,0.250000
2021-02,168.443419,94.537574,3.645275,0.250000
2021-03,168.376724,95.331187,3.708152,0.250000
2021-04,167.468461,95.231383,3.699450,0.250000
2021-05,172.198577,95.485229,3.773548,0.250000
2021-06,172.777465,95.981439,3.910310,0.250000
2021-07,173.528790,96.948490,3.940050,0.250000
2021-08,175.086278,97.903369,4.086190,0.500000
2021-09,176.126159,98.295397,4.107477,1.000000
2021-10,175.486747,98.869113,4.015050,1.500000
2021-11,175.014763,99.223245,4.019595,2.000000
2021-12,176.059915,100.000000,4.036977,2.500000
2022-01,176.982265,100.037268,3.889286,3.000000
2022-02,176.682048,100.348840,3.790800,3.500000
2022-03,175.301643,101.836672,3.738783,4.000000
2022-04,175.022055,102.816232,3.739737,4.500000
2022-05,176.251895,103.211072,3.757545,5.000000
2022-06,179.317053,104.439931,3.747143,5.500000
2022-07,177.733174,105.422597,3.902184,6.000000
2022-08,177.408945,106.125283,3.873795,6.500000
2022-09,179.495469,106.679849,3.897705,6.750000
2022-10,179.405618,107.050724,3.978714,7.000000
2022-11,178.521844,107.604861,3.877310,7.250000
2022-12,179.023255,108.459162,3.829175,7.500000
2023-01,175.538186,108.704764,3.832786,7.750000
2023-02,176.209313,109.024924,3.840875,7.750000
2023-03,176.968791,110.391537,3.779609,7.750000
2023-04,176.687425,111.005592,3.765611,7.750000
2023-05,174.205884,111.358436,3.688705,7.750000
2023-06,178.389613,111.188314,3.651048,7.750000
2023-07,175.556073,111.623134,3.601300,7.750000
2023-08,177.273545,112.042985,3.696341,7.750000
2023-09,178.226772,112.061363,3.729667,7.500000
2023-10,177.708044,111.700024,3.844409,7.250000
2023-11,179.544541,111.517885,3.761881,7.000000
2023-12,177.942082,111.970400,3.733684,6.750000
2024-01,178.791699,111.991911,3.739810,6.500000
2024-02,178.714606,112.616278,3.827310,6.250000
2024-03,180.331868,113.753010,3.709553,6.250000
2024-04,182.273290,113.694232,3.713159,6.000000
2024-05,183.960512,113.591104,3.730977,5.750000
2024-06,180.151784,113.729392,3.784632,5.750000
2024-07,183.142003,113.998099,3.764400,5.750000
2024-08,185.173622,114.322048,3.741325,5.500000
2024-09,184.332773,114.050464,3.768214,5.250000
2024-10,184.553940,113.944279,3.753591,5.250000
2024-11,187.895068,114.051561,3.778850,5.000000
2024-12,186.365603,114.172077,3.734895,5.000000
2025-01,186.631248,114.065534,3.747750,4.750000
2025-02,187.008810,114.279991,3.697700,4.750000
2025-03,186.138383,115.205841,3.652595,4.750000
2025-04,187.618061,115.572272,3.699700,4.750000
2025-05,188.185812,115.507003,3.660143,4.500000
2025-06,188.173577,115.655637,3.603905,4.500000
2025-07,190.187828,115.923300,3.556200,4.500000
2025-08,190.908263,115.586828,3.543200,4.500000
2025-09,191.758369,115.599718,3.502818,4.250000
2025-10,192.238349,115.484549,3.414091,4.250000
2025-11,190.953981,115.612485,3.372850,4.250000
2025-12,194.003668,115.894705,3.366737,4.250000
2026-01,194.209008,116.005694,3.356750,4.250000
2026-02,193.871920,116.810340,3.356975,4.250000
2026-03,191.689329,119.588900,3.446773,4.250000
2026-04,194.773435,120.211509,3.442675,4.250000
2026-05,192.852234,120.017612,3.434825,4.250000
2026-06,191.523368,120.292167,3.404571,4.250000
2026-07,,120.635759,3.400000,4.250000
2026-08,,120.716351,3.363850,4.250000
