date,y,pi,comm,res,nbres,ff
1965-01,8.257182,2.923324,20.187380,2.480899,2.455564,3.900000
1965-02,8.258692,2.921399,20.179612,2.475109,2.440519,3.980000
1965-03,8.266972,2.922502,20.158073,2.475193,2.439909,4.040000
1965-04,8.268584,2.923621,20.160403,2.488484,2.448502,4.090000
1965-05,8.274191,2.926784,20.157975,2.477546,2.435103,4.100000
1965-06,8.280793,2.930337,20.139978,2.485323,2.439473,4.040000
1965-07,8.289831,2.930503,20.129060,2.490972,2.446166,4.090000
1965-08,8.294963,2.929701,20.144819,2.491468,2.445039,4.120000
1965-09,8.299133,2.932415,20.148659,2.490806,2.443824,4.010000
1965-10,8.310220,2.934652,20.137868,2.494692,2.453588,4.080000
1965-11,8.315745,2.938139,20.141588,2.492130,2.455735,4.100000
1965-12,8.327765,2.940081,20.168013,2.510899,2.474183,4.320000
1966-01,8.337079,2.940942,20.190134,2.509193,2.474435,4.420000
1966-02,8.341093,2.944192,20.195218,2.500862,2.460529,4.600000
1966-03,8.348811,2.947069,20.194451,2.498481,2.451350,4.650000
1966-04,8.343762,2.949163,20.200599,2.506179,2.452814,4.670000
1966-05,8.347248,2.951871,20.205799,2.506587,2.448848,4.900000
1966-06,8.348270,2.955706,20.224406,2.506016,2.446599,5.170000
1966-07,8.351631,2.958105,20.246306,2.515355,2.453502,5.300000
1966-08,8.351003,2.962754,20.226171,2.498563,2.436241,5.530000
1966-09,8.357984,2.964880,20.171046,2.503810,2.438863,5.400000
1966-10,8.363003,2.968824,20.140071,2.501354,2.439299,5.530000
1966-11,8.358487,2.970021,20.141975,2.501846,2.450833,5.760000
1966-12,8.364746,2.972242,20.162979,2.503319,2.458734,5.400000
1967-01,8.375683,2.972003,20.155241,2.512360,2.478553,4.940000
1967-02,8.370292,2.975714,20.156391,2.507972,2.477882,5.000000
1967-03,8.367666,2.975804,20.158143,2.520756,2.504464,4.530000
1967-04,8.375780,2.978506,20.143513,2.524768,2.513008,4.050000
1967-05,8.369250,2.978123,20.148738,2.519147,2.511954,3.940000
1967-06,8.371253,2.982023,20.147656,2.522283,2.513737,3.980000
1967-07,8.372454,2.985945,20.124761,2.543333,2.534252,3.790000
1967-08,8.387909,2.988873,20.106228,2.539868,2.533538,3.900000
1967-09,8.381635,2.992352,20.127104,2.553032,2.546159,3.990000
1967-10,8.379791,2.994846,20.137988,2.571696,2.561791,3.880000
1967-11,8.388107,3.001062,20.157608,2.574976,2.564872,4.130000
1967-12,8.398119,3.004139,20.184206,2.578701,2.561250,4.510000
1968-01,8.402408,3.007510,20.185501,2.583167,2.564411,4.600000
1968-02,8.409386,3.011015,20.176165,2.579307,2.550616,4.710000
1968-03,8.414586,3.014655,20.175102,2.579156,2.527886,5.050000
1968-04,8.416981,3.017678,20.164440,2.573909,2.520274,5.760000
1968-05,8.427740,3.021242,20.164375,2.574900,2.516809,6.110000
1968-06,8.431901,3.025702,20.146754,2.584073,2.530278,6.070000
1968-07,8.431461,3.029205,20.136178,2.599351,2.559396,6.020000
1968-08,8.433019,3.031257,20.141894,2.598235,2.555287,6.030000
1968-09,8.433691,3.033700,20.155955,2.597863,2.559628,5.780000
1968-10,8.431043,3.041291,20.161374,2.604836,2.571543,5.910000
1968-11,8.439478,3.044642,20.186403,2.613666,2.572918,5.820000
1968-12,8.440912,3.050327,20.194021,2.622274,2.566563,6.020000
1969-01,8.446391,3.051827,20.190462,2.612200,2.556685,6.300000
1969-02,8.452144,3.054424,20.187552,2.618417,2.555598,6.610000
1969-03,8.459131,3.060962,20.185705,2.613959,2.545610,6.790000
1969-04,8.455923,3.065340,20.196723,2.600539,2.523165,7.410000
1969-05,8.451989,3.067537,20.201394,2.627852,2.523326,8.670000
1969-06,8.459368,3.072524,20.196015,2.624306,2.518503,8.900000
1969-07,8.462188,3.078509,20.183955,2.602023,2.504628,8.610000
1969-08,8.462654,3.081701,20.188557,2.623508,2.530915,9.190000
1969-09,8.461150,3.087015,20.197519,2.626262,2.544982,9.150000
1969-10,8.460376,3.091298,20.209467,2.632177,2.545845,9.000000
1969-11,8.454453,3.094782,20.211936,2.651268,2.562562,8.850000
1969-12,8.458128,3.099550,20.197920,2.650986,2.568712,8.970000
1970-01,8.451343,3.103522,20.204580,2.645252,2.574747,8.980000
1970-02,8.457170,3.109587,20.188425,2.646104,2.566410,8.980000
1970-03,8.459210,3.114312,20.178713,2.644116,2.578169,7.760000
1970-04,8.456939,3.119746,20.183721,2.653876,2.592565,8.100000
1970-05,8.457675,3.122518,20.176173,2.639557,2.568022,7.940000
1970-06,8.458416,3.126668,20.173088,2.644613,2.579990,7.600000
1970-07,8.465811,3.128854,20.175382,2.650350,2.549367,7.210000
1970-08,8.468343,3.131230,20.210421,2.659000,2.598607,6.610000
1970-09,8.465311,3.133453,20.221549,2.670487,2.628069,6.290000
1970-10,8.449867,3.138525,20.208021,2.672768,2.640271,6.200000
1970-11,8.447635,3.143444,20.206247,2.672078,2.642978,5.600000
1970-12,8.470776,3.150838,20.203308,2.678141,2.655001,4.900000
1971-01,8.482387,3.156431,20.200727,2.681295,2.656055,4.140000
1971-02,8.483250,3.158639,20.194909,2.695910,2.673321,3.720000
1971-03,8.482106,3.163314,20.173063,2.694492,2.672699,3.710000
1971-04,8.483849,3.167531,20.179496,2.691853,2.681432,4.150000
1971-05,8.487664,3.172575,20.186117,2.706849,2.687711,4.630000
1971-06,8.493241,3.177485,20.192792,2.711843,2.678553,4.910000
1971-07,8.495357,3.181318,20.173504,2.716349,2.660399,5.310000
1971-08,8.491206,3.182015,20.173503,2.720637,2.665838,5.560000
1971-09,8.501502,3.184668,20.158173,2.735860,2.703239,5.550000
1971-10,8.500804,3.187367,20.155341,2.722019,2.698269,5.200000
1971-11,8.496996,3.190900,20.153556,2.724383,2.698942,4.910000
1971-12,8.498978,3.194630,20.184475,2.723267,2.714960,4.140000
1972-01,8.511285,3.202302,20.216610,2.732352,2.730920,3.500000
1972-02,8.515735,3.207845,20.225776,2.731962,2.729877,3.290000
1972-03,8.522726,3.209156,20.250454,2.739549,2.733198,3.830000
1972-04,8.536557,3.210870,20.272756,2.750535,2.743031,4.170000
1972-05,8.539154,3.212238,20.296146,2.756142,2.749064,4.270000
1972-06,8.542728,3.214496,20.279491,2.766885,2.760579,4.460000
1972-07,8.541955,3.218249,20.298855,2.762223,2.747079,4.550000
1972-08,8.550921,3.221215,20.333310,2.773214,2.748744,4.800000
1972-09,8.553049,3.226134,20.345083,2.772589,2.738191,4.870000
1972-10,8.558485,3.231179,20.360739,2.784579,2.749640,5.040000
1972-11,8.564302,3.235383,20.388309,2.799778,2.762096,5.060000
1972-12,8.572540,3.236968,20.455792,2.812110,2.746950,5.330000
1973-01,8.578719,3.241338,20.479368,2.815888,2.743932,5.940000
1973-02,8.593411,3.246268,20.493739,2.816247,2.716018,6.580000
1973-03,8.596156,3.250561,20.537061,2.828674,2.714629,7.090000
1973-04,8.597975,3.256017,20.568724,2.817263,2.709383,7.120000
1973-05,8.603534,3.260507,20.653371,2.813731,2.696585,7.840000
1973-06,8.600659,3.266952,20.703953,2.818159,2.701026,8.490000
1973-07,8.597633,3.271866,20.780438,2.832507,2.710381,10.400000
1973-08,8.591295,3.281385,20.966097,2.821141,2.683143,10.500000
1973-09,8.596910,3.286942,21.001993,2.817502,2.700220,10.780000
1973-10,8.602710,3.294805,20.977529,2.828733,2.737480,10.010000
1973-11,8.606793,3.298804,20.939118,2.831918,2.746309,10.030000
1973-12,8.604181,3.305736,21.015448,2.834448,2.755125,9.950000
1974-01,8.597209,3.311080,21.063491,2.846188,2.783220,9.650000
1974-02,8.595021,3.317920,21.095466,2.840539,2.768392,8.970000
1974-03,8.596448,3.326777,21.065400,2.840890,2.761085,9.350000
1974-04,8.596115,3.331608,21.052620,2.850591,2.744768,10.510000
1974-05,8.602198,3.341166,21.043766,2.857791,2.696854,11.310000
1974-06,8.598218,3.353465,21.078548,2.854572,2.664516,11.930000
1974-07,8.592386,3.357794,21.123699,2.861401,2.652185,12.920000
1974-08,8.583894,3.369454,21.136619,2.855953,2.642978,12.010000
1974-09,8.591013,3.384579,21.132824,2.855608,2.646317,11.340000
1974-10,8.600162,3.391764,21.199309,2.853535,2.743160,10.060000
1974-11,8.584818,3.398853,21.291459,2.859512,2.785073,9.450000
1974-12,8.570136,3.408402,21.185033,2.865054,2.822747,8.530000
1975-01,8.576373,3.415060,21.098621,2.849145,2.825774,7.130000
1975-02,8.570770,3.422626,21.047877,2.849029,2.840423,6.240000
1975-03,8.571696,3.428600,20.950526,2.858709,2.852612,5.540000
1975-04,8.578216,3.432755,20.936592,2.862087,2.855723,5.490000
1975-05,8.579053,3.435734,20.844385,2.853765,2.850013,5.220000
1975-06,8.584574,3.442435,20.811544,2.874412,2.861515,5.550000
1975-07,8.590657,3.450367,20.908650,2.869715,2.852497,6.100000
1975-08,8.595889,3.453312,20.992982,2.871302,2.859282,6.140000
1975-09,8.604468,3.460225,20.971720,2.881107,2.858652,6.240000
1975-10,8.606619,3.465075,20.937799,2.867160,2.856298,5.820000
1975-11,8.607694,3.471912,20.892790,2.881947,2.878580,5.220000
1975-12,8.616885,3.476456,20.902860,2.880434,2.873113,5.200000
1976-01,8.628005,3.479210,20.928820,2.868808,2.864313,4.870000
1976-02,8.635076,3.481429,20.950320,2.879535,2.874976,4.770000
1976-03,8.635103,3.483814,20.965511,2.883403,2.880378,4.840000
1976-04,8.639057,3.486366,20.991215,2.874638,2.872151,4.820000
1976-05,8.641661,3.491965,21.042472,2.887033,2.880658,5.290000
1976-06,8.640060,3.496403,21.096383,2.887367,2.880321,5.480000
1976-07,8.643026,3.499234,21.109984,2.881779,2.874355,5.310000
1976-08,8.646550,3.503827,21.046305,2.893312,2.887757,5.290000
1976-09,8.646440,3.510156,21.050282,2.890872,2.887479,5.250000
1976-10,8.643823,3.517736,21.068792,2.894640,2.889427,5.020000
1976-11,8.653778,3.521777,21.094723,2.909084,2.905151,4.950000
1976-12,8.660749,3.526374,21.114826,2.911698,2.908812,4.650000
1977-01,8.654775,3.531750,21.163645,2.913491,2.909793,4.610000
1977-02,8.665428,3.539167,21.211664,2.906846,2.902904,4.680000
1977-03,8.672879,3.542872,21.297673,2.912622,2.906956,4.690000
1977-04,8.676560,3.549067,21.287951,2.916635,2.912677,4.730000
1977-05,8.683056,3.551243,21.267224,2.922355,2.911209,5.350000
1977-06,8.691802,3.555335,21.223073,2.916202,2.901861,5.390000
1977-07,8.698821,3.558929,21.161184,2.931087,2.913708,5.420000
1977-08,8.701182,3.563763,21.107854,2.940167,2.882452,5.900000
1977-09,8.704079,3.569608,21.134675,2.937732,2.904001,6.140000
1977-10,8.701601,3.578577,21.128524,2.942490,2.871189,6.470000
1977-11,8.700351,3.586488,21.128025,2.945070,2.898671,6.510000
1977-12,8.702435,3.591691,21.076942,2.943913,2.913437,6.560000
1978-01,8.694142,3.596319,21.073711,2.959587,2.934176,6.700000
1978-02,8.701275,3.599365,21.078126,2.973538,2.952564,6.780000
1978-03,8.719216,3.605422,21.105840,2.959379,2.942226,6.790000
1978-04,8.738079,3.611543,21.112040,2.965685,2.936566,6.890000
1978-05,8.742085,3.619436,21.108360,2.978332,2.914685,7.360000
1978-06,8.749060,3.624590,21.108089,2.989110,2.932473,7.600000
1978-07,8.749803,3.628873,21.090911,3.001615,2.933910,7.810000
1978-08,8.753298,3.634671,21.116581,2.991323,2.932366,8.040000
1978-09,8.755346,3.641743,21.161456,2.995432,2.940959,8.450000
1978-10,8.761212,3.651265,21.179660,3.001167,2.935558,8.960000
1978-11,8.766537,3.656326,21.199608,2.989312,2.953294,9.760000
1978-12,8.770617,3.660141,21.177742,2.983305,2.938368,10.030000
1979-01,8.764107,3.665853,21.158600,2.986742,2.934814,10.070000
1979-02,8.768658,3.673549,21.164778,2.965067,2.913600,10.060000
1979-03,8.771590,3.681454,21.162716,2.966767,2.914468,10.090000
1979-04,8.762544,3.688414,21.167141,2.970620,2.922462,10.010000
1979-05,8.771103,3.697699,21.191359,2.973129,2.878524,10.240000
1979-06,8.774325,3.706431,21.254033,2.986086,2.911807,10.290000
1979-07,8.777709,3.713130,21.238518,2.995332,2.935026,10.470000
1979-08,8.774890,3.719079,21.211527,2.996132,2.940378,10.940000
1979-09,8.776872,3.723732,21.231993,2.996082,2.926757,11.430000
1979-10,8.780388,3.731699,21.234612,3.014309,2.909793,13.770000
1979-11,8.778563,3.738115,21.233473,3.015437,2.917338,13.180000
1979-12,8.778242,3.745361,21.258095,3.031099,2.957407,13.780000
1980-01,8.780745,3.752515,21.275771,3.029795,2.967950,13.820000
1980-02,8.782545,3.758273,21.327659,3.029264,2.945859,14.130000
1980-03,8.783631,3.766199,21.267215,3.030279,2.883627,17.190000
1980-04,8.772623,3.770985,21.249998,3.026698,2.899992,17.610000
1980-05,8.758362,3.779993,21.293718,3.017494,2.966355,10.980000
1980-06,8.754371,3.791040,21.275711,3.024077,3.005485,9.470000
1980-07,8.755342,3.794316,21.284602,3.034761,3.015584,9.030000
1980-08,8.758390,3.803012,21.320275,3.045046,3.013179,9.610000
1980-09,8.767120,3.812957,21.348855,3.055509,2.991774,10.870000
1980-10,8.767271,3.821098,21.388505,3.051498,2.987549,12.810000
1980-11,8.779324,3.830834,21.378863,3.097837,3.000272,15.850000
1980-12,8.789232,3.840155,21.303351,3.091724,3.011852,18.900000
1981-01,8.797046,3.847596,21.298154,3.076067,3.009537,19.080000
1981-02,8.798572,3.856242,21.271399,3.083743,3.022179,15.930000
1981-03,8.801823,3.862212,21.259661,3.094310,3.047945,14.700000
1981-04,8.790244,3.867954,21.238999,3.099507,3.037306,15.720000
1981-05,8.791114,3.874331,21.193129,3.110934,3.006623,18.520000
1981-06,8.794099,3.879585,21.162826,3.105752,3.010079,19.100000
1981-07,8.802193,3.885310,21.171701,3.105886,3.027715,19.040000
1981-08,8.804884,3.890550,21.135123,3.107095,3.041470,17.820000
1981-09,8.802607,3.899488,21.080202,3.112937,3.045998,15.870000
1981-10,8.799958,3.904370,21.095990,3.104407,3.049984,15.080000
1981-11,8.792019,3.910767,21.104215,3.106289,3.076160,13.310000
1981-12,8.782405,3.915915,21.106535,3.110979,3.082231,12.370000
1982-01,8.763835,3.920589,21.118381,3.120998,3.051734,13.220000
1982-02,8.780809,3.925892,21.129680,3.115779,3.033124,14.780000
1982-03,8.779135,3.926253,21.097374,3.111380,3.039653,14.680000
1982-04,8.779747,3.927704,21.112937,3.106244,3.033461,14.940000
1982-05,8.780105,3.936256,21.106500,3.109150,3.058003,14.450000
1982-06,8.780343,3.944651,21.077013,3.107631,3.052302,14.150000
1982-07,8.778140,3.948211,21.099531,3.099281,3.067588,12.590000
1982-08,8.774283,3.950346,21.092264,3.106737,3.083423,10.120000
1982-09,8.776907,3.952975,21.122581,3.121748,3.079706,10.310000
1982-10,8.777350,3.960749,21.106551,3.130656,3.109597,9.710000
1982-11,8.779176,3.962467,21.131814,3.150768,3.123818,9.200000
1982-12,8.775767,3.961508,21.168876,3.161247,3.134015,8.950000
1983-01,8.790087,3.968462,21.221943,3.145272,3.122233,8.680000
1983-02,8.786310,3.970008,21.261093,3.173920,3.149268,8.510000
1983-03,8.794895,3.970367,21.193982,3.195157,3.162136,8.770000
1983-04,8.807920,3.974422,21.220919,3.214868,3.173460,8.800000
1983-05,8.814213,3.976426,21.250769,3.213260,3.174171,8.630000
1983-06,8.816867,3.978252,21.229892,3.229895,3.162982,8.980000
1983-07,8.824300,3.984172,21.234101,3.233015,3.174004,9.370000
1983-08,8.830617,3.987138,21.258182,3.233804,3.170945,9.560000
1983-09,8.842194,3.989017,21.239255,3.236126,3.177804,9.450000
1983-10,8.850044,3.991653,21.207372,3.236873,3.203153,9.480000
1983-11,8.852829,3.994394,21.181051,3.234592,3.198306,9.340000
1983-12,8.855543,3.996249,21.208737,3.233449,3.202462,9.470000
1984-01,8.868834,4.001418,21.189989,3.236755,3.208260,9.560000
1984-02,8.871905,4.005370,21.201160,3.251498,3.229301,9.590000
1984-03,8.876665,4.007283,21.234709,3.248939,3.211327,9.910000
1984-04,8.884576,4.010910,21.227279,3.246141,3.196916,10.290000
1984-05,8.890414,4.013153,21.217449,3.253548,3.130875,10.320000
1984-06,8.894646,4.015119,21.199710,3.261705,3.126497,11.060000
1984-07,8.898094,4.018457,21.147723,3.257366,2.998578,11.230000
1984-08,8.900038,4.021478,21.146303,3.259634,2.891649,11.640000
1984-09,8.900895,4.023498,21.113301,3.261552,2.936407,11.300000
1984-10,8.902596,4.026569,21.096096,3.268009,3.007760,9.990000
1984-11,8.908362,4.027123,21.111589,3.277824,3.086532,9.430000
1984-12,8.911898,4.029797,21.089140,3.292609,3.166614,8.380000
1985-01,8.912629,4.033490,21.074505,3.298685,3.245829,8.350000
1985-02,8.918332,4.039787,21.065420,3.317671,3.269835,8.500000
1985-03,8.921554,4.044509,21.046954,3.317490,3.258020,8.580000
1985-04,8.921308,4.044200,21.061273,3.327587,3.278954,8.270000
1985-05,8.926148,4.044547,21.043370,3.337760,3.289222,7.970000
1985-06,8.932424,4.047553,21.049535,3.362075,3.319409,7.530000
1985-07,8.934750,4.048669,21.031366,3.372180,3.333454,7.880000
1985-08,8.942929,4.050734,21.017035,3.389563,3.352707,7.900000
1985-09,8.948479,4.054274,20.998048,3.402230,3.358359,7.920000
1985-10,8.944775,4.055026,21.027028,3.417399,3.377690,7.990000
1985-11,8.947478,4.057182,21.063591,3.431274,3.373346,8.050000
1985-12,8.956351,4.058754,21.086436,3.452176,3.409529,8.270000
1986-01,8.961690,4.061202,21.154327,3.452017,3.427320,8.140000
1986-02,8.958403,4.062503,21.124058,3.455022,3.426703,7.860000
1986-03,8.956214,4.061863,21.145230,3.468576,3.444576,7.480000
1986-04,8.959981,4.062951,21.133304,3.481794,3.453948,6.990000
1986-05,8.964695,4.065990,21.123350,3.504536,3.477850,6.850000
1986-06,8.965372,4.068629,21.108672,3.524800,3.500862,6.920000
1986-07,8.973186,4.069579,21.109612,3.545500,3.523916,6.560000
1986-08,8.972876,4.068442,21.043513,3.560819,3.535699,6.170000
1986-09,8.974030,4.071620,21.085016,3.572963,3.544229,5.890000
1986-10,8.975493,4.072979,21.080844,3.590770,3.567305,5.850000
1986-11,8.977474,4.075344,21.063236,3.618216,3.597833,6.040000
1986-12,8.982622,4.077920,21.034889,3.659476,3.637955,6.910000
1987-01,8.979393,4.080707,21.023562,3.669799,3.654909,6.430000
1987-02,8.988224,4.082416,21.017548,3.663741,3.649359,6.100000
1987-03,8.988841,4.084852,21.014912,3.659142,3.645476,6.130000
1987-04,8.993240,4.087105,21.064419,3.677161,3.651723,6.370000
1987-05,8.997315,4.088892,21.134163,3.684168,3.657827,6.850000
1987-06,8.999428,4.091993,21.128914,3.675338,3.655478,6.730000
1987-07,9.002301,4.093603,21.127932,3.665636,3.648266,6.580000
1987-08,9.006885,4.096964,21.135226,3.668906,3.652267,6.730000
1987-09,9.007904,4.099152,21.128353,3.666583,3.642259,7.220000
1987-10,9.018791,4.101695,21.118398,3.684545,3.660583,7.290000
1987-11,9.022298,4.105083,21.128976,3.672115,3.656098,6.690000
1987-12,9.025073,4.107681,21.160501,3.661328,3.641159,6.770000
1988-01,9.024128,4.110487,21.167747,3.675414,3.647615,6.830000
1988-02,9.027592,4.112837,21.136964,3.673943,3.663818,6.580000
1988-03,9.031268,4.114600,21.139881,3.670384,3.624741,6.580000
1988-04,9.038870,4.119135,21.139247,3.679385,3.600840,6.870000
1988-05,9.040227,4.121501,21.159613,3.687829,3.621163,7.090000
1988-06,9.043288,4.126155,21.214284,3.695805,3.616174,7.510000
1988-07,9.043499,4.130120,21.187368,3.701672,3.612943,7.750000
1988-08,9.048114,4.134188,21.157667,3.700561,3.617115,8.010000
1988-09,9.048031,4.137624,21.166644,3.697418,3.624448,8.190000
1988-10,9.055005,4.139097,21.170659,3.699399,3.640844,8.300000
1988-11,9.059163,4.141490,21.183044,3.702486,3.629315,8.350000
1988-12,9.064917,4.145281,21.211466,3.700166,3.656821,8.760000
1989-01,9.068829,4.149607,21.223143,3.699374,3.657724,9.120000
1989-02,9.067808,4.152449,21.186550,3.697319,3.659760,9.360000
1989-03,9.072589,4.156574,21.199899,3.684997,3.638428,9.850000
1989-04,9.076700,4.160886,21.194420,3.677136,3.617491,9.840000
1989-05,9.075291,4.162870,21.188910,3.671250,3.626499,9.810000
1989-06,9.080724,4.165750,21.160446,3.665739,3.626871,9.530000
1989-07,9.079137,4.169512,21.146074,3.674730,3.656976,9.240000
1989-08,9.088876,4.170378,21.136225,3.673715,3.656434,8.990000
1989-09,9.087005,4.171293,21.138564,3.680696,3.663074,9.020000
1989-10,9.083714,4.174616,21.143396,3.692946,3.679031,8.840000
1989-11,9.085816,4.178013,21.144036,3.693120,3.684394,8.550000
1989-12,9.091817,4.179375,21.126356,3.700981,3.694414,8.450000
1990-01,9.090660,4.183714,21.123761,3.706989,3.696153,8.230000
1990-02,9.099563,4.187954,21.138853,3.707309,3.671123,8.240000
1990-03,9.103766,4.193225,21.163074,3.704999,3.651359,8.280000
1990-04,9.101581,4.196302,21.178157,3.709784,3.669620,8.260000
1990-05,9.101440,4.197262,21.183047,3.707480,3.674248,8.180000
1990-06,9.102604,4.202179,21.154913,3.705417,3.683515,8.290000
1990-07,9.100554,4.204184,21.161607,3.703177,3.684319,8.150000
1990-08,9.102021,4.208080,21.160398,3.710470,3.687554,8.130000
1990-09,9.103784,4.210122,21.139065,3.715765,3.700462,8.200000
1990-10,9.098888,4.213042,21.119841,3.708903,3.698780,8.110000
1990-11,9.091897,4.213204,21.090380,3.712864,3.707235,7.810000
1990-12,9.089870,4.218736,21.091288,3.732107,3.724271,7.310000
1991-01,9.090590,4.222392,21.085997,3.744645,3.731939,6.910000
1991-02,9.088864,4.225565,21.087318,3.739382,3.733375,6.250000
1991-03,9.087128,4.226796,21.105643,3.733016,3.727234,6.120000
1991-04,9.089999,4.228763,21.112189,3.734378,3.728845,5.910000
1991-05,9.097186,4.231624,21.129843,3.747408,3.740238,5.780000
1991-06,9.102577,4.234828,21.143249,3.754480,3.746488,5.900000
1991-07,9.099864,4.236713,21.098342,3.760851,3.746629,5.820000
1991-08,9.099219,4.239046,21.046662,3.770298,3.752535,5.660000
1991-09,9.105060,4.241388,21.042006,3.774093,3.759175,5.450000
1991-10,9.103949,4.241764,21.017347,3.784349,3.778400,5.210000
1991-11,9.105781,4.244633,21.011381,3.798070,3.795646,4.810000
1991-12,9.107472,4.246929,21.004933,3.818064,3.813837,4.430000
1992-01,9.109412,4.247014,21.010899,3.836739,3.831702,4.030000
1992-02,9.118122,4.247891,21.051149,3.862875,3.861256,4.060000
1992-03,9.124844,4.251304,21.044990,3.876893,3.875006,3.980000
1992-04,9.127286,4.253762,21.031608,3.892677,3.890840,3.730000
1992-05,9.128785,4.255071,21.040776,3.898674,3.895528,3.820000
1992-06,9.129269,4.256429,21.053290,3.897336,3.892657,3.760000
1992-07,9.138112,4.258596,21.044647,3.907131,3.901387,3.250000
1992-08,9.136513,4.259874,21.032819,3.921557,3.916593,3.300000
1992-09,9.139745,4.261021,21.045627,3.939541,3.933921,3.220000
1992-10,9.146571,4.264292,21.010201,3.965886,3.963191,3.100000
1992-11,9.149424,4.267248,21.036055,3.984344,3.982407,3.090000
1992-12,9.148281,4.268177,21.074673,3.996768,3.994487,2.920000
1993-01,9.148741,4.271036,21.084320,4.006806,4.003781,3.020000
1993-02,9.150336,4.272412,21.094120,4.001626,4.000785,3.030000
1993-03,9.150781,4.273270,21.105130,4.006806,4.005131,3.070000
1993-04,9.155690,4.275732,21.080182,4.013839,4.012502,2.960000
1993-05,9.154822,4.278751,21.067657,4.036980,4.034842,3.000000
1993-06,9.157108,4.280423,21.064328,4.044559,4.041383,3.040000
1993-07,9.159355,4.281801,21.092889,4.055777,4.051541,3.060000
1993-08,9.159329,4.285719,21.095216,4.063610,4.057542,3.030000
1993-09,9.163532,4.285427,21.070795,4.075349,4.068069,3.090000
1993-10,9.170181,4.287767,21.052421,4.087572,4.082761,2.990000
1993-11,9.173841,4.289320,21.077534,4.099398,4.097921,3.020000
1993-12,9.177957,4.291451,21.106304,4.103750,4.102395,2.960000
1994-01,9.180922,4.291440,21.136409,4.109167,4.107952,3.050000
1994-02,9.181255,4.294406,21.150092,4.102908,4.101750,3.250000
1994-03,9.189052,4.297213,21.156065,4.099316,4.098403,3.340000
1994-04,9.193386,4.297684,21.151854,4.102709,4.100658,3.560000
1994-05,9.197273,4.299266,21.197413,4.093878,4.090537,4.010000
1994-06,9.201304,4.301020,21.212170,4.095144,4.089583,4.250000
1994-07,9.200901,4.302324,21.260003,4.099680,4.092059,4.260000
1994-08,9.203647,4.304759,21.247605,4.093678,4.085825,4.470000
1994-09,9.205063,4.307092,21.287188,4.091006,4.082829,4.730000
1994-10,9.210343,4.308599,21.252683,4.083856,4.077436,4.760000
1994-11,9.213583,4.310343,21.250311,4.084496,4.080296,5.290000
1994-12,9.219527,4.311721,21.247983,4.085405,4.081884,5.450000
1995-01,9.218904,4.314367,21.266630,4.084362,4.082070,5.530000
1995-02,9.216972,4.316334,21.265607,4.071639,4.070615,5.920000
1995-03,9.217828,4.317117,21.296566,4.064057,4.062871,5.980000
1995-04,9.218313,4.319158,21.294173,4.059995,4.058078,6.050000
1995-05,9.221169,4.320060,21.287176,4.054234,4.051646,6.010000
1995-06,9.224676,4.321752,21.302780,4.049644,4.044874,6.000000
1995-07,9.221949,4.322912,21.306537,4.057300,4.050845,5.850000
1995-08,9.232346,4.325479,21.297529,4.052446,4.047550,5.740000
1995-09,9.235408,4.326823,21.283946,4.048475,4.043630,5.800000
1995-10,9.234449,4.329464,21.260016,4.038127,4.033780,5.760000
1995-11,9.236616,4.330322,21.259296,4.030801,4.027171,5.800000
1995-12,9.239904,4.330203,21.249558,4.033957,4.029379,5.600000
1996-01,9.235344,4.334325,21.243223,4.023278,4.022598,5.560000
1996-02,9.247764,4.335532,21.264678,4.000437,3.999814,5.220000
1996-03,9.247413,4.336322,21.266112,4.012682,4.012303,5.310000
1996-04,9.254823,4.338402,21.294952,4.010582,4.008932,5.220000
1996-05,9.260653,4.339385,21.329673,3.989743,3.987390,5.240000
1996-06,9.266988,4.339766,21.291591,3.991666,3.984511,5.270000
1996-07,9.265006,4.341342,21.282457,3.977380,3.970481,5.400000
1996-08,9.269804,4.341134,21.298528,3.954354,3.947931,5.220000
1996-09,9.275290,4.343518,21.267469,3.937944,3.930747,5.300000
1996-10,9.275803,4.344616,21.222150,3.912783,3.907031,5.240000
1996-11,9.281731,4.347342,21.221914,3.907613,3.903305,5.310000
1996-12,9.284116,4.349217,21.211387,3.915716,3.912623,5.290000
1997-01,9.281137,4.351429,21.216412,3.905683,3.904777,5.250000
1997-02,9.288655,4.353989,21.251052,3.886008,3.885124,5.190000
1997-03,9.294594,4.354342,21.302172,3.868092,3.864806,5.390000
1997-04,9.297956,4.355635,21.304551,3.857651,3.852124,5.510000
1997-05,9.303993,4.355314,21.357293,3.842823,3.837601,5.500000
1997-06,9.307388,4.356906,21.333820,3.848828,3.840978,5.560000
1997-07,9.311998,4.358258,21.275277,3.844943,3.836157,5.520000
1997-08,9.316389,4.359300,21.274150,3.848295,3.835487,5.540000
1997-09,9.318943,4.361016,21.256757,3.834018,3.824502,5.540000
1997-10,9.320427,4.361942,21.198692,3.827771,3.821879,5.500000
1997-11,9.324227,4.363182,21.183853,3.837537,3.834234,5.520000
1997-12,9.325863,4.363369,21.167852,3.847506,3.840548,5.500000
1998-01,9.331333,4.365034,21.147993,3.842866,3.838355,5.560000
1998-02,9.333373,4.364388,21.161706,3.823039,3.821770,5.510000
1998-03,9.335352,4.363959,21.137161,3.825462,3.824568,5.490000
1998-04,9.339441,4.364522,21.130539,3.831485,3.829923,5.450000
1998-05,9.346207,4.367110,21.116337,3.818415,3.815049,5.490000
1998-06,9.343363,4.368037,21.100923,3.815886,3.810345,5.560000
1998-07,9.343268,4.369432,21.096064,3.804282,3.798541,5.540000
1998-08,9.362206,4.370695,21.086718,3.805684,3.799660,5.550000
1998-09,9.362425,4.370759,21.052364,3.803324,3.797711,5.510000
1998-10,9.370470,4.371938,21.008592,3.804170,3.800287,5.070000
1998-11,9.371457,4.373405,21.019153,3.802565,3.800689,4.830000
1998-12,9.374910,4.374861,20.989442,3.810522,3.807951,4.680000
1999-01,9.378650,4.376982,21.001523,3.807329,3.802744,4.630000
1999-02,9.382273,4.377965,21.001788,3.805017,3.802431,4.760000
1999-03,9.383823,4.377225,21.009813,3.794837,3.793375,4.810000
1999-04,9.385369,4.381749,21.010324,3.776455,3.772646,4.740000
1999-05,9.392173,4.380733,21.060806,3.784326,3.781436,4.740000
1999-06,9.392341,4.379619,21.075515,3.762687,3.759315,4.760000
1999-07,9.399459,4.383180,21.061046,3.737479,3.730093,4.990000
1999-08,9.404658,4.383812,21.050572,3.744834,3.736669,5.070000
1999-09,9.403736,4.386090,21.004584,3.736669,3.728581,5.220000
1999-10,9.415997,4.387836,20.995824,3.727427,3.720645,5.200000
1999-11,9.419691,4.388554,21.019240,3.732202,3.726536,5.420000
1999-12,9.423620,4.390429,21.028147,3.741211,3.733590,5.300000
2000-01,9.419890,4.393644,21.031892,3.750280,3.741448,5.450000
2000-02,9.421282,4.395419,21.051534,3.724367,3.721782,5.730000
2000-03,9.426739,4.400377,21.064947,3.706891,3.702486,5.850000
2000-04,9.437594,4.400080,21.067354,3.700907,3.693369,6.020000
2000-05,9.442354,4.401292,21.063269,3.705835,3.696897,6.270000
2000-06,9.444087,4.405028,21.032479,3.693145,3.681150,6.530000
2000-07,9.442331,4.407193,21.011695,3.691152,3.676832,6.540000
2000-08,9.440246,4.407367,20.984615,3.684193,3.669544,6.500000
2000-09,9.445295,4.411295,21.007392,3.677692,3.665560,6.520000
2000-10,9.446033,4.412957,21.005553,3.672979,3.662304,6.510000
2000-11,9.448887,4.413722,20.990687,3.673360,3.666122,6.510000
2000-12,9.448894,4.415349,21.006310,3.655452,3.650009,6.400000
2001-01,9.444966,4.418653,20.982987,3.634555,3.632627,5.980000
2001-02,9.443640,4.420364,20.979300,3.652864,3.651541,5.490000
2001-03,9.446609,4.422233,20.965621,3.648214,3.646702,5.310000
2001-04,9.451275,4.423049,20.955912,3.647406,3.646102,4.800000
2001-05,9.450806,4.428086,21.007701,3.653977,3.648448,4.210000
2001-06,9.449011,4.430853,20.974471,3.659296,3.653356,3.970000
2001-07,9.446380,4.430828,20.941261,3.675668,3.668473,3.770000
2001-08,9.447338,4.428993,20.945054,3.687904,3.683314,3.650000
2001-09,9.448228,4.432091,20.916286,4.059011,3.998788,3.070000
2001-10,9.449103,4.433326,20.843181,3.816855,3.814057,2.490000
2001-11,9.448699,4.433699,20.838959,3.712401,3.710347,2.090000
2001-12,9.451496,4.433950,20.851400,3.722894,3.721274,1.820000
2002-01,9.457749,4.436247,20.879158,3.730021,3.728821,1.730000
2002-02,9.457810,4.436873,20.900121,3.733207,3.732490,1.740000
2002-03,9.461797,4.437276,20.940343,3.714864,3.712938,1.730000
2002-04,9.461635,4.440620,20.935768,3.702240,3.700512,1.750000
2002-05,9.462777,4.441060,20.945888,3.676503,3.673664,1.750000
2002-06,9.469285,4.440126,20.942306,3.666634,3.662997,1.750000
2002-07,9.468321,4.442681,20.962012,3.670639,3.665739,1.730000
2002-08,9.469192,4.445626,20.983191,3.685423,3.677035,1.740000
2002-09,9.470590,4.446904,21.040519,3.660351,3.654443,1.750000
2002-10,9.468813,4.448577,21.043404,3.666506,3.662843,1.750000
2002-11,9.472528,4.450533,21.036431,3.683213,3.676351,1.340000
2002-12,9.468194,4.452500,21.084802,3.695731,3.693743,1.240000
2003-01,9.471821,4.454019,21.136354,3.706768,3.706105,1.240000
2003-02,9.475224,4.457567,21.175353,3.718584,3.717953,1.260000
2003-03,9.477653,4.458453,21.136419,3.717686,3.717175,1.250000
2003-04,9.478524,4.459799,21.094369,3.702980,3.702240,1.260000
2003-05,9.484634,4.459733,21.130737,3.711350,3.709980,1.260000
2003-06,9.489752,4.459583,21.130439,3.743746,3.739905,1.220000
2003-07,9.498012,4.461919,21.107127,3.763128,3.760083,1.010000
2003-08,9.499318,4.465034,21.134478,3.823738,3.816547,1.030000
2003-09,9.505855,4.468931,21.134975,3.787389,3.783280,1.010000
2003-10,9.508023,4.468010,21.189233,3.770506,3.768037,1.010000
2003-11,9.514634,4.470048,21.211744,3.757846,3.756258,1.000000
2003-12,9.514370,4.472667,21.264140,3.750492,3.749410,0.980000
