date,tdi,ipx,pbi,ipc,tc,tpm,int,exp3m
1996-01-01,58.9238830654716,42.0677881128845,,42.2522312572031,2.34715909090909,,13.17,
1996-02-01,58.5467234872872,41.6553342960684,,42.9002836819856,2.35359523809524,,10.47,
1996-03-01,58.6580578425282,42.4316749003117,,43.4923762718663,2.35528571428571,,10.08,
1996-04-01,60.876435451731,43.9434185356038,,43.87130378097,2.363875,,11.83,
1996-05-01,59.4869000881045,42.7199026140959,,44.1904664113681,2.40913636363636,,13.5,
1996-06-01,57.4802063337067,41.0378055743878,,44.3961623578029,2.43935,,12.9,
1996-07-01,56.1402866311049,40.1689992255638,,45.0061657332517,2.44436363636364,,13.87,
1996-08-01,55.0647528514445,39.8831855219239,,45.4221771437171,2.46535714285714,,12.2,
1996-09-01,55.7975389799376,40.0144752719347,,45.5694017874693,2.49040476190476,,11.2,
1996-10-01,58.8966231610641,42.1882102869445,,45.9041338516646,2.55370454545455,,14.44,
1996-11-01,55.314103310889,40.4761066755205,,46.1189535710152,2.5832,,14.66,
1996-12-01,57.8627662705939,42.132902602385,,46.6749433775806,2.58338095238095,,18.96,
1997-01-01,59.3665222416272,41.6565041547529,,46.8995048422897,2.62525,,13.19,
1997-02-01,61.5200995205187,42.6123765199469,,46.9412138160557,2.638125,,17.65,
1997-03-01,63.0524172278182,42.7345346846544,,47.5392549114592,2.63315789473684,,14.68,
1997-04-01,61.4497039519797,41.6658820001608,,47.7233502907981,2.66086363636364,,15.36,
1997-05-01,63.2920150963002,43.2496673893,,48.0837164073912,2.66366666666667,,13.88,
1997-06-01,63.9696217542091,43.2891524894916,,48.6059947756888,2.65564285714286,,9.16,
1997-07-01,63.6516615300719,43.0899270562555,,49.0087954629047,2.65161904761905,,7.96,
1997-08-01,63.3689894802479,42.8863026293537,,49.119921489448,2.65367380952381,,12.78,
1997-09-01,66.1943787897749,44.735545308446,,49.2635861953205,2.64406818181818,,10.74,
1997-10-01,62.2192312389001,42.3573554000516,,49.3382310172215,2.66259090909091,,10.69,
1997-11-01,60.8588263904104,41.1199061334357,,49.3765411425534,2.7197,,14.75,
1997-12-01,59.7213762369044,39.7214127258872,,49.691557802778,2.71640476190476,,12.8,
1998-01-01,59.501777835468,39.2822305891932,,50.1419166770814,2.7442619047619,,11.04,
1998-02-01,61.6284544231556,40.3467972085911,,50.7609674468296,2.798225,,19.96,
1998-03-01,60.3294161582987,39.1975835609141,,51.4304225486563,2.80565909090909,,12.56,
1998-04-01,62.1309413215964,39.8539626009853,,51.7447184724816,2.81865,,13.36,
1998-05-01,63.2883019519055,40.2580578078174,,52.0518042549097,2.842775,,15.81,
1998-06-01,62.8172831010365,39.2222270450648,,52.3278782359875,2.90602380952381,,19.87,
1998-07-01,60.7977169494367,38.3579127030715,,52.6565319510118,2.9187619047619,,25.18,
1998-08-01,62.3925583851213,38.8153714246309,,52.7957764180424,2.96033333333333,,21.54,
1998-09-01,61.2558015554733,38.2076801315504,,52.511745868179,3.04111363636364,,38.97,
1998-10-01,60.2817329411871,37.7311367999457,,52.3359014624748,3.048675,,21.54,
1998-11-01,57.9981456031532,35.7300358705457,,52.3518180718014,3.09135714285714,,14.7,
1998-12-01,56.9683005261257,35.0030289589747,,52.6764271919068,3.13407142857143,,12.94,
1999-01-01,57.7529799252014,35.5773072704273,,52.6838123097708,3.2473,,14.71,
1999-02-01,58.9324021292607,35.8415576032994,,52.8497413823517,3.394475,,22.05,
1999-03-01,59.387669003637,35.9656172758093,,53.173232597252,3.37821739130435,,22.26,
1999-04-01,57.4849158116129,35.3581421675651,,53.4867862597952,3.34795,,16.82,
1999-05-01,53.3849775646426,34.1932163776462,,53.7387995879749,3.331,,12.12,
1999-06-01,57.3363561761216,34.7291876478862,,53.8353192456401,3.3377380952381,,11.58,
1999-07-01,53.7456781318322,34.2681346995048,,53.9770328250367,3.32255,,7.09,
1999-08-01,57.4950848505595,35.8115166489408,,54.0693884594007,3.36140476190476,,6.4,
1999-09-01,58.3683117431407,36.8127340205751,,54.3180952878372,3.41813636363636,,14.73,
1999-10-01,58.849597227435,37.4667815661956,,54.2524957771825,3.472375,,18.9,
1999-11-01,58.6157505801484,37.9036192296196,,54.402979704806,3.48169047619048,,17.39,
1999-12-01,57.4542994862463,37.4450231910077,,54.6393631906464,3.48384090909091,,16.91,
2000-01-01,59.0970660454309,38.0463444184292,,54.6772310143538,3.49945238095238,,16.06,
2000-02-01,58.0511729900664,37.975455847336,,54.9397526514611,3.45595238095238,,9.55,
2000-03-01,57.4415169546282,37.7417497104515,,55.2371182134136,3.44286956521739,,10.9,
2000-04-01,55.8367724586526,36.5052177055226,,55.5197093735317,3.47888888888889,,13.72,
2000-05-01,56.3504674413015,36.6861056961416,,55.5290150664251,3.50331818181818,,15.84,
2000-06-01,56.0050732353584,37.2070598460529,,55.5647123487218,3.48702380952381,,13.59,
2000-07-01,57.1608809602003,37.8891900267543,,55.8516050136507,3.480325,,11.25,
2000-08-01,56.0472995166184,37.3041581782285,,56.1130254099784,3.47754545454545,,8.53,
2000-09-01,56.8333012450776,38.3755721974009,,56.4250480284363,3.48492857142857,,13.25,
2000-10-01,55.3723778668758,37.344256258151,,56.5563303718728,3.50034090909091,,14.51,
2000-11-01,56.371308574566,38.1303735492957,,56.592420656869,3.52847619047619,,14.03,
2000-12-01,54.5986730013366,35.9129210361785,,56.6797255816296,3.51957894736842,,11.41,
2001-01-01,54.511450600072,36.1120488713811,,56.7861036356312,3.52268181818182,,10.7821350718701,
2001-02-01,56.8208655392999,37.6483059715881,,56.9254362852463,3.52845,,10.9672516785063,
2001-03-01,56.4600729712537,36.8777260211939,,57.2145661492874,3.51979545454545,,10.333169950374,
2001-04-01,54.255700943638,35.3960002575431,,56.9763634636722,3.55873684210526,,12.5193808441754,
2001-05-01,55.6304103246218,36.3045077679739,,56.9901942424174,3.60004545454545,,12.655996288202,
2001-06-01,56.284128213242,36.0821659989673,,56.9574632278449,3.5307575,,16.0208643457383,
2001-07-01,56.765323562134,36.0920324525045,,57.0558569390185,3.50330952380952,,8.38630329384715,
2001-08-01,56.4284782673464,36.2325364166404,,56.8829892163045,3.49159,,5.67148547717842,
2001-09-01,55.7467548193833,36.0111739926723,,56.9186878873034,3.490025,,5.85477413470309,
2001-10-01,56.5031252400655,35.2770693286559,,56.9400190461884,3.46006818181818,,4.51274977534515,
2001-11-01,58.0670245984948,35.4380724532446,,56.6593810955995,3.439575,,3.51109725824379,
2001-12-01,58.4792566028175,35.9314355748665,,56.607542928584,3.43536,,3.14634291793404,
2002-01-01,58.3720373211491,35.1684501320816,,56.3132255677808,3.4595,,2.7,
2002-02-01,59.1426895014836,36.5381672140483,,56.2910820181566,3.4766,,2.6,
2002-03-01,60.5006858219369,37.3282533635919,,56.594160700623,3.45623684210526,,2.5,
2002-04-01,60.4225738552594,37.7392004162953,,57.0069121328661,3.43881818181818,,2.5,60.0877192982456
2002-05-01,60.2916114246036,38.2630535552284,,57.0860494061191,3.45140909090909,,2.5,61.094674556213
2002-06-01,60.648262992005,38.1538057617143,,56.9563043559274,3.48066578947368,,2.6,49.3939393939394
2002-07-01,61.8230338559566,39.2153148864139,,56.9758454777822,3.53297619047619,,2.91417761121695,56.2314540059347
2002-08-01,59.8656572125247,38.3492686863716,,57.0333301076098,3.57011904761905,,2.9261900527595,57.1646341463415
2002-09-01,59.009508064435,38.2736911418378,,57.3034139221012,3.61902380952381,,5.4,57.624633431085
2002-10-01,60.6786981629916,39.1612466154974,,57.7148308116088,3.61499523809524,,4.60998851102941,60.2678571428571
2002-11-01,62.1476782428491,39.9118767444495,,57.484334034047,3.583275,,3.93,65.9159159159159
2002-12-01,61.3919728693808,39.4166402605308,,57.4656247447609,3.5142380952381,,3.8,71.1940298507463
2003-01-01,60.2151302483616,39.8713407535878,74.9977524598527,57.5986117200474,3.49395454545455,,3.75,70.9439528023599
2003-02-01,60.3657532364754,41.1635487876196,75.8793511302686,57.8686483186668,3.48395,,3.8,66.9139465875371
2003-03-01,58.4999080273631,40.1081720925706,76.0664104869628,58.5154925726066,3.47915952380952,,3.82,60.0294985250737
2003-04-01,56.8424455049996,38.36124327018,76.6881402309976,58.4857333805668,3.464625,,3.84,65.5325443786982
2003-05-01,59.315783875311,39.8838570162501,76.8605892287249,58.467003260749,3.48114761904762,,3.78,52.9585798816568
2003-06-01,59.5225341625469,40.6151028339416,77.8514251689058,58.1903786592813,3.4787619047619,,3.74,54.8632218844985
2003-07-01,60.7877675697984,41.1795649599252,77.4160368562841,58.1035486706451,3.47140476190476,,3.47,56.0606060606061
2003-08-01,61.0434820954298,41.4420253959411,78.1299096609216,58.11136706357,3.4802619047619,,3.01,57.7507598784195
2003-09-01,63.7538855725102,43.0794383097149,78.3473506201243,58.4359761836754,3.48086363636364,2.75,2.77,57.4850299401198
2003-10-01,63.2017381006186,43.1528823352817,78.9081423431176,58.464628580127,3.47820454545454,2.75,2.71,60.207100591716
2003-11-01,66.8301475271152,45.9844907760847,75.2093042489586,58.5626647005052,3.47775,2.5,2.6,58.6826347305389
2003-12-01,65.2054970897807,46.0357154008338,75.7521334867385,58.8929293099865,3.47128571428571,2.5,2.51,59.0236686390532
2004-01-01,66.9535753985847,48.5542155644895,78.0919804714245,59.2094478515518,3.46716666666667,2.5,2.41,54.5171339563863
2004-02-01,70.8146719129159,50.7296633494649,78.9393238783818,59.8525127526772,3.4835,2.5,2.52,57.2327044025157
2004-03-01,74.1047440925444,54.2707845656834,79.8571770952032,60.1281027710669,3.4650847826087,2.5,2.48,56.514657980456
2004-04-01,70.7774333061336,52.2043040298665,80.3320593433007,60.1144115568846,3.46965,2.5,2.49,57.8635014836795
2004-05-01,69.7821995625406,52.2085532806618,80.2772246303401,60.32712322642,3.4872380952381,2.5,2.48,56.2314540059347
2004-06-01,70.1022601751506,52.2975244107853,80.1429365509057,60.6672517870461,3.47716666666667,2.5,2.46,56.2080536912752
2004-07-01,67.1989835004744,51.3312568857519,80.5521198262066,60.7844054751331,3.4413,2.5,2.44,57.3469387755102
2004-08-01,67.9638020521016,52.499316453887,81.0672958196555,60.7786062550879,3.39545238095238,2.75,2.67,62.3100303951368
2004-09-01,67.6743695959203,52.5843007639045,81.9775661948105,60.7887500297095,3.35759090909091,2.75,2.73,61.7241379310345
2004-10-01,69.7755511900145,56.2778460926947,81.847518289263,60.7743144711919,3.321025,3.0,2.93,63.125
2004-11-01,67.0650103788602,54.689620386792,81.5271694080385,60.9487417063845,3.31016666666667,3.0,3.02,63.2911392405063
2004-12-01,69.2295301027081,56.2162076075747,82.7227971483994,60.9430396954876,3.28106818181818,3.0,3.0,62.9179331306991
2005-01-01,69.4219779033359,56.161896665122,83.076185978987,61.0040738479291,3.26821428571429,3.0,2.98,62.9850746268657
2005-02-01,70.9297952408548,58.2343220557991,84.7443785929493,60.8609458754252,3.258825,3.0,2.9,62.5806451612903
2005-03-01,71.0497618368922,59.7854520785857,82.4383166663078,61.2566614044346,3.25930952380952,3.0,2.93,62.6785714285714
2005-04-01,71.5496534390915,60.9559586039368,84.5379693056899,61.3294488372526,3.25795,3.0,3.03,63.7462235649547
2005-05-01,71.7291022552884,59.9112786358208,85.4047286850945,61.4069266114744,3.25488095238095,3.0,3.01,64.2011834319527
2005-06-01,72.7509377066186,61.1576277011628,85.2863565757417,61.5688826072955,3.25276190476191,3.0,2.99,63.6094674556213
2005-07-01,71.5930286855696,61.2560381816338,85.9444109656823,61.6332906115328,3.25205263157895,3.0,3.01,65.0746268656716
2005-08-01,72.9601485815053,63.6492688080175,85.6791195518041,61.522593693944,3.25734090909091,3.0,2.96,63.7313432835821
2005-09-01,74.3386546510181,65.664407803622,86.5245707615074,61.4645910782263,3.30752272727273,3.0,2.99,67.4382716049383
2005-10-01,72.7269069385196,66.1981771354363,87.1234289716052,61.5535798043051,3.38078571428571,3.0,3.04,64.4736842105263
2005-11-01,77.8701611865066,67.1472208307602,89.0875532678117,61.595463754538,3.37607142857143,3.0,3.02,63.4615384615385
2005-12-01,80.4437501446783,69.8055824391578,87.9121131862351,61.8536873585898,3.42428571428571,3.25,3.34,56.4327485380117
2006-01-01,82.5648873983259,72.3569146503788,89.6057266309361,62.1627138522279,3.39329545454545,3.5,3.58,52.0289855072464
2006-02-01,82.8110908305391,73.0707127239378,89.9481239292913,62.5035381526153,3.288725,3.75,3.82,57.2271386430679
2006-03-01,85.0012916966155,75.6224450100171,91.6266066789985,62.7892809721904,3.33932608695652,4.0,4.12,53.3625730994152
2006-04-01,91.8180317260836,83.1366445252984,90.8316629786575,63.1095108201663,3.33152777777778,4.25,4.42,52.5297619047619
2006-05-01,98.3634872007926,91.5189792084688,90.9746543165763,62.7763229927264,3.27904090909091,4.5,4.48,62.2418879056047
2006-06-01,97.0161776497479,90.1220246367794,91.8803909655891,62.6931209883737,3.26406428571429,4.5,4.53,65.3273809523809
2006-07-01,97.5361456721324,92.2776073747777,91.5394183789024,62.5862666095457,3.2431,4.5,4.5,67.34375
2006-08-01,99.5027511187799,93.8486937039655,93.2506012930156,62.6734784912643,3.23438636363636,4.5,4.44,70.0581395348837
2006-09-01,96.3015586125175,90.5505021553758,92.6041150857929,62.690631045476,3.24773809523809,4.5,4.51,68.8963210702341
2006-10-01,98.4989019152573,91.187844226669,93.6013059043123,62.7180829089466,3.23745454545455,4.5,4.5,70.2290076335878
2006-11-01,100.419390711948,91.6520465044663,93.6957748663498,62.5411205980373,3.22209523809524,4.5,4.48,72.6683937823834
2006-12-01,98.4873745818332,91.4801096107395,94.6343467920095,62.5572635658092,3.20531578947368,4.5,4.51,72.1884498480243
2007-01-01,99.3961352206937,90.9063904663114,96.1704480882607,62.5631613837047,3.1925,4.5,4.47,72.1153846153846
2007-02-01,99.0953434236433,92.4749361318403,96.2881263161898,62.7254923290977,3.1903,4.5,4.48,72.5067385444744
2007-03-01,100.437164106614,94.422886884799,97.8314819751364,62.9443010952826,3.18561363636364,4.5,4.51,72.9050279329609
2007-04-01,106.849097583415,101.7414079013,97.4418401983132,63.0564721201698,3.17828947368421,4.5,4.51,74.3055555555556
2007-05-01,107.704885265891,104.022020151162,100.527037479075,63.3666290173321,3.16752272727273,4.5,4.49,71.5425531914894
2007-06-01,101.707696609803,100.621960948258,99.5749215128561,63.6642570439849,3.1702,4.5,4.52,71.9251336898396
2007-07-01,103.953384133414,104.442235538382,100.210927651919,63.9670093814535,3.16090909090909,4.75,4.69,70.1704545454545
2007-08-01,99.347565299647,100.567532472324,100.651163150322,64.0545851031271,3.15818181818182,4.75,4.77,68.9516129032258
2007-09-01,95.7532794691584,100.561555527198,100.978217436819,64.44691983683,3.135975,5.0,4.97,69.9728260869565
2007-10-01,97.1322079922546,103.543831322586,102.132121038679,64.6492926190962,3.01986363636364,5.0,4.98,71.264367816092
2007-11-01,95.6208373329016,104.657106888986,103.674025022899,64.7210579671552,3.001,5.0,4.99,71.6463414634146
2007-12-01,94.7370656423518,102.038135766854,104.519690129532,65.0143122764871,2.980775,5.0,4.99,75.3424657534247
2008-01-01,94.4607761991587,103.991575899447,105.308133148231,65.1586741108229,2.95031818181818,5.25,4.44,70.0
2008-02-01,96.7332689584675,108.557884065838,107.402329433869,65.7496751808387,2.9055,5.25,5.02,71.0
2008-03-01,97.5334499463449,112.936091846193,107.343803572593,66.4346886068455,2.81092105263158,5.25,5.21,67.0
2008-04-01,98.1466348377245,116.176925365794,109.026491768101,66.5371442717145,2.74786363636364,5.5,5.37,69.0
2008-05-01,91.4754933086665,112.781123164627,108.101418541177,66.7829931511919,2.80457894736842,5.5,5.52876,74.0
2008-06-01,88.9888523260491,113.157844425518,110.014931554907,67.2969566655574,2.89161904761905,5.75,5.6801,71.0
2008-07-01,88.5510501486719,114.794942262355,110.063367230517,67.6707723621643,2.84842857142857,6.0,5.91071,67.0
2008-08-01,84.5325963218098,106.254008104899,109.691103459051,68.0703582039768,2.89230952380952,6.25,6.208432,61.0
2008-09-01,81.2446104117765,100.15340267821,110.7426674467,68.4564541934141,2.96584090909091,6.5,6.43,56.0
2008-10-01,75.9864542360482,88.682945843656,110.43730592219,68.8761803820454,3.07515909090909,6.5,6.6015,44.0
2008-11-01,71.463218337607,78.1816414113073,110.531973336922,69.089023978282,3.09188888888889,6.5,6.5451,47.0
2008-12-01,72.131487023192,73.192338177659,109.37708933771,69.3378988396748,3.113775,6.5,6.5354,32.0
2009-01-01,74.0725816702816,74.8713510178828,110.369635699562,69.4112438363932,3.151125,6.5,6.57342856,35.0
2009-02-01,77.3442510941873,76.9652201492949,109.706950954861,69.3593334568676,3.236125,6.25,6.43575271,38.0
2009-03-01,79.3216730347256,78.196666361188,108.478546892175,69.609179021041,3.17477272727273,6.0,6.07282322,33.0
2009-04-01,80.3833420682452,80.5871134989589,109.378452114632,69.6224126578754,3.085025,5.0,5.3285,39.0
2009-05-01,84.4695783083672,84.770011123687,110.800279504928,69.5924708515071,2.99405,4.0,4.26514,53.0
2009-06-01,84.7286635401812,87.7977311292632,107.023017551328,69.356151245964,2.99047619047619,3.0,3.1308,51.0
2009-07-01,86.414884056276,88.8119398057419,108.611652967622,69.4856310540512,3.0125,2.0,2.24,53.0
2009-08-01,88.832093457232,92.887716706195,110.61198960687,69.3415150199903,2.95054761904762,1.25,1.33,63.0
2009-09-01,91.4416315585936,96.2577265997505,110.928968872368,69.28105856763,2.90965909090909,1.25,1.2031,61.0
2009-10-01,95.0407187245501,101.152050163593,112.091018593256,69.3660151971089,2.871775,1.25,1.15272,66.0
2009-11-01,98.5869145438846,105.239478800911,113.168139880958,69.288278429942,2.8845,1.25,1.2190023518,67.0
2009-12-01,100.431545333014,106.341168462102,113.798278152966,69.5079961016632,2.87747368421053,1.25,1.24234,69.0
2010-01-01,101.533712146206,110.462833775022,114.066790233887,69.7136816328321,2.85645,1.25,1.0,71.6171617161716
2010-02-01,100.483110891321,108.829594984386,115.262996368135,69.9385138944542,2.853975,1.25,1.21524,71.9135802469136
2010-03-01,99.144448097702,110.749266975689,116.784441379103,70.1349097028041,2.83928260869565,1.25,1.23264,70.8474576271186
2010-04-01,101.6846175001,114.685974161263,118.008785407794,70.1526941164795,2.83985,1.25,1.2197,73.8019169329073
2010-05-01,104.394876017474,116.080698734202,119.065058648937,70.319559174288,2.8455,1.5,1.4461,70.5387205387205
2010-06-01,101.164109279613,112.575893815946,121.016451371327,70.495954894733,2.83805,1.75,1.62,74.6350364963504
2010-07-01,99.9491400724079,111.344238687007,119.833063860523,70.7525287206685,2.82281578947368,2.0,1.9,71.0616438356164
2010-08-01,102.487591172723,114.901389843051,120.236261309806,70.9425101139349,2.80202380952381,2.5,2.377,71.043771043771
2010-09-01,105.930479774784,119.197097976408,122.041985141625,70.9198027512508,2.79063636363636,3.0,2.741,70.4861111111111
2010-10-01,109.358936394203,125.273817771647,122.970312003998,70.8192940467514,2.791475,3.0,2.945,70.7482993197279
2010-11-01,109.495094368311,128.769414620694,123.231676736611,70.8248925993405,2.80559523809524,3.0,2.974,69.8214285714286
2010-12-01,110.710519712373,129.276572983146,122.028484466777,70.9512908774276,2.815675,3.0,2.9789,67.7121771217712
2011-01-01,111.506108011227,136.171077436141,124.493209014376,71.2283105646479,2.78704761904762,3.25,3.2107,66.0377358490566
2011-02-01,112.64638716919,139.176987097492,124.455705720215,71.5006315782516,2.770525,3.5,3.3868,65.2014652014652
2011-03-01,112.614653949737,142.576624516431,125.546888198792,72.0029008320805,2.77939130434783,3.75,3.6787,64.5283018867924
2011-04-01,111.605302053779,147.007588454252,127.139478536761,72.4931779487685,2.81563157894737,4.0,3.9686,46.0655737704918
2011-05-01,111.616776201883,147.888731349205,125.646771654151,72.4759927600571,2.77495238095238,4.25,4.2338,49.0131578947368
2011-06-01,108.40842119187,144.617382800587,125.014390601825,72.5478476794027,2.76407142857143,4.25,4.277,46.643109540636
2011-07-01,110.018773168765,146.725469523207,127.592427623666,73.1231175318247,2.74131578947368,4.25,4.2598,50.8802816901408
2011-08-01,113.567834450252,150.338877994811,127.581692990738,73.3174920842417,2.73938095238095,4.25,4.2298,50.7042253521127
2011-09-01,111.159158458947,146.750157260613,127.987491099409,73.5625077424483,2.74384090909091,4.25,4.272,52.9310344827586
2011-10-01,105.760383250712,138.708569749771,128.017422006078,73.794119647811,2.731825,4.25,4.2683,58.4905660377359
2011-11-01,104.494145414204,138.88231242693,129.133455224779,74.1124844688423,2.70495238095238,4.25,4.2555,57.5250836120401
2011-12-01,105.639377414168,137.762285479982,132.606320528935,74.3132616323748,2.69626315789474,4.25,4.2422,55.794701986755
2012-01-01,109.209632055524,141.406372487505,130.800040238765,74.2379662035315,2.69265909090909,4.25,4.2288,57.3333333333333
2012-02-01,111.682265496981,144.818777022184,130.806109695367,74.4791719574771,2.68352380952381,4.25,4.2284,59.5161290322581
2012-03-01,108.961012979183,141.737033313428,133.194077246808,75.0496945317084,2.671,4.25,4.25,63.5350318471338
2012-04-01,107.335039857802,140.312105632205,131.283680272894,75.4486137965042,2.65702777777778,4.25,4.241,64.983164983165
2012-05-01,108.238796191856,139.961453584497,134.733309625153,75.4782355070343,2.66927272727273,4.25,4.2429,59.8240469208211
2012-06-01,103.111039739003,131.253347370934,135.183577772318,75.4505385376399,2.670575,4.25,4.231,57.2222222222222
2012-07-01,105.150360473489,133.041623793751,135.719791317355,75.5187147850747,2.63504761904762,4.25,4.2458,56.1475409836066
2012-08-01,105.363578102607,133.831971935562,136.461298836738,75.9026527314205,2.61597619047619,4.25,4.2191,59.1194968553459
2012-09-01,108.680753915967,139.790260377875,137.375666612532,76.3145813576587,2.6028,4.25,4.234,60.8064516129032
2012-10-01,108.412012519892,139.133176482519,136.934161246795,76.1899418708041,2.5876,4.25,4.2392,63.9498432601881
2012-11-01,109.015276197753,138.997254106834,136.929107520625,76.0852045683551,2.598625,4.25,4.2479,64.3250688705234
2012-12-01,110.697288708462,141.827883862725,137.212652262184,76.2820940603079,2.56688888888889,4.25,4.2439,64.1269841269841
2013-01-01,111.199747173235,143.052681390751,139.220843976578,76.3701370802442,2.55190909090909,4.25,4.1518,66.6666666666667
2013-02-01,109.628214052593,141.612008852114,139.692313609953,76.301403956872,2.57805263157895,4.25,4.2008,66.3109756097561
2013-03-01,106.112491639531,135.898477013863,140.50289174793,76.99485097723,2.59394736842105,4.25,4.2404,64.5631067961165
2013-04-01,103.520104623639,132.684890095045,140.16300659789,77.1891755363707,2.5975,4.25,4.2005,59.7315436241611
2013-05-01,101.387136691895,128.713030877378,140.945792615766,77.3386026616823,2.64438636363636,4.25,4.2542,54.1095890410959
2013-06-01,98.5723758569228,124.6233451821,143.524738092231,77.5410733474478,2.7475,4.25,4.2605,51.0
2013-07-01,98.4165910126857,124.356095568282,143.141670387105,77.9663696202748,2.77671428571429,4.25,4.3269,50.3184713375796
2013-08-01,97.8872913770685,124.159258494159,144.36168867002,78.3896529693816,2.8017380952381,4.25,4.5161,47.6114649681529
2013-09-01,101.860201726202,127.645647241679,143.569144187173,78.4749255285923,2.77857142857143,4.25,4.2737,53.2362459546925
2013-10-01,99.2736761051656,125.251091717591,145.182901874133,78.5049596836515,2.76911904761905,4.25,4.2484,54.5045045045045
2013-11-01,99.0214136712821,124.15755977444,147.221241795513,78.3336278654801,2.798125,4.0,4.183,54.0785498489426
2013-12-01,97.9141341109478,122.905142426409,145.966015714236,78.4635187293942,2.78525,4.0,4.0884,58.7025316455696
2014-01-01,98.2643949183681,123.458138976136,145.063403185515,78.7121276543314,2.80893181818182,4.0,4.121,59.2753623188406
2014-02-01,98.5190053299027,124.195904284217,146.775450836488,79.1850605759155,2.81265,4.0,4.1738,60.2011494252874
2014-03-01,97.4327281656416,122.023393016896,145.81001242282,79.5956817391094,2.80638095238095,4.0,4.0133,53.8461538461538
2014-04-01,99.0039649871225,122.750229311156,146.393851050839,79.9086695055395,2.794375,4.0,4.0539,54.2134831460674
2014-05-01,96.3111286037796,121.376650095265,145.456142971842,80.0884883767056,2.78697619047619,4.0,3.954,52.8610354223433
2014-06-01,94.592205364068,119.470321632153,144.094980905035,80.215971231147,2.79423809523809,4.0,3.9999,49.7183098591549
2014-07-01,98.2580296650465,124.11527665049,145.887131294091,80.5635571221473,2.78609523809524,3.75,3.8491,50.593471810089
2014-08-01,98.7597502591334,123.149921162413,146.335649193581,80.4945788992393,2.81447619047619,3.75,3.7588,48.4550561797753
2014-09-01,98.1607685592774,121.106201455096,146.888629947313,80.6237747177433,2.86395454545455,3.5,3.6975,53.9877300613497
2014-10-01,96.4879322144266,117.719181087722,148.317666345584,80.9292246090764,2.90604545454545,3.5,3.5292,52.9940119760479
2014-11-01,97.1908565037928,116.413199285206,147.497318721597,80.8082672658879,2.925075,3.5,3.6415,55.2547770700637
2014-12-01,98.582511505217,114.059597596409,146.632069731315,80.9932305840506,2.9615,3.5,3.7956,53.0973451327434
2015-01-01,95.8071076925142,108.659787064792,147.756580366387,81.1311585614732,3.005525,3.25,3.3439,54.2319749216301
2015-02-01,96.8846248830909,108.512665426602,148.530397765917,81.3773664204482,3.078525,3.25,3.4305,50.1577287066246
2015-03-01,94.4146440885052,105.353251105169,149.7342466296,81.9996299525466,3.09168181818182,3.25,3.3527,49.388379204893
2015-04-01,95.4802744542918,105.858869917081,152.471072114303,82.3198438304482,3.1199525,3.25,3.5151,46.7422096317281
2015-05-01,96.9189878391546,107.428009389523,148.001598467745,82.7844285692493,3.15045,3.25,3.4798,45.0704225352113
2015-06-01,95.4945265598748,105.451963992576,150.273069169179,83.0595554554826,3.16123809523809,3.25,3.4243,50.625
2015-07-01,93.4571067065973,102.143070256105,151.302115642306,83.4339766262131,3.18125,3.25,3.4638,46.7191601049869
2015-08-01,92.3876811927874,98.9790327127173,150.176590820722,83.7487113799077,3.23835714285714,3.25,3.6141,42.2222222222222
2015-09-01,89.7023319691572,96.5516910290009,151.412928336185,83.771774250334,3.21861363636364,3.5,3.6609,43.2225063938619
2015-10-01,94.3863222190587,99.2938483435964,153.589302916454,83.8913998281912,3.248375,3.5,3.521,44.9720670391061
2015-11-01,92.7070017212573,96.7545920575465,152.919012481337,84.1800464238952,3.33664285714286,3.5,3.5,44.8126801152738
2015-12-01,91.7019676186964,93.4596421355874,155.572579637414,84.5552549887266,3.38266666666667,3.75,3.765,44.5983379501385
2016-01-01,91.210405969502,91.420328254931,153.366711603022,84.8702404031536,3.437325,4.0,3.973,42.5141242937853
2016-02-01,93.1220348035699,92.2462715293387,155.387714816724,85.0179920593596,3.50590476190476,4.25,4.5857,46.6759002770083
2016-03-01,97.9488482776354,97.2888164970906,157.356675631232,85.5265000574541,3.40738095238095,4.25,4.8352,46.398891966759
2016-04-01,96.1620280559349,96.5445785673617,154.904926413332,85.5362556898337,3.30154761904762,4.25,4.4641,54.1666666666667
2016-05-01,95.2672222703593,96.4420882983432,154.278866546778,85.7155086648867,3.33372727272727,4.25,4.4392,53.4435261707989
2016-06-01,94.6566251968502,97.2444813870572,155.820144927354,85.8350891099251,3.31657142857143,4.25,4.3666,54.3478260869565
2016-07-01,99.0426753477667,101.75314060379,157.861774636052,85.9052567561972,3.29873684210526,4.25,4.2855,60.9756097560976
2016-08-01,97.4393210851013,99.7328377456518,158.159984471911,86.213043138844,3.33304545454545,4.25,4.1886,61.9760479041916
2016-09-01,98.5491457706751,101.19209684275,157.982713988178,86.3910421158843,3.38229545454546,4.25,4.2501,62.3475609756098
2016-10-01,97.2344918241555,100.369590915845,156.937610169725,86.7481433937979,3.38595238095238,4.25,4.2555,60.8150470219436
2016-11-01,102.642209722694,106.066774423946,158.314862252382,86.9997685797355,3.40289473684211,4.25,4.2852,58.3577712609971
2016-12-01,104.537776516649,109.167587660044,160.504522776752,87.2905176704464,3.39535714285714,4.25,4.374,57.2625698324022
2017-01-01,100.074808099113,106.714242746189,159.998577212189,87.4981321088573,3.34,4.25,4.2517,56.6765578635015
2017-02-01,102.066352394539,109.63761996122,159.533281818095,87.7809010228465,3.259825,4.25,4.249,54.6178343949045
2017-03-01,104.250354373092,111.86829021078,157.127308110684,88.9260539521744,3.26373913043478,4.25,4.2453,43.8080495356037
2017-04-01,99.9644043485904,107.638038484451,158.607742719969,88.6965771763182,3.24736111111111,4.25,4.2922,53.5714285714286
2017-05-01,100.743926852963,108.258730108254,159.641027378146,88.3210908710632,3.27286363636364,4.0,4.0746,54.1543026706232
2017-06-01,100.567181895564,107.490934836748,162.15553345217,88.1804847816058,3.2678,4.0,4.002,53.0523262023926
2017-07-01,102.006764907336,108.632353180186,161.172272080632,88.3553341822423,3.24892105263158,3.75,3.8392,54.7965126037598
2017-08-01,105.929030794991,114.186396554279,162.512303480914,88.9492813838017,3.24143181818182,3.75,3.7296,56.2682228088379
2017-09-01,108.492928015678,117.99071958898,163.540799118914,88.9352541037068,3.24616666666667,3.5,3.612,60.1369857788086
2017-10-01,109.254570518411,120.376654726711,162.00215700662,88.5179296753887,3.25104545454545,3.5,3.5012,64.1428604125977
2017-11-01,110.751446133027,123.741911466588,161.436631654669,88.3433392676972,3.24052380952381,3.25,3.3541,62.6099700927734
2017-12-01,109.046031644749,122.955697892546,163.478734704822,88.4819074367963,3.24618421052632,3.25,3.2568,53.654972076416
2018-01-01,107.677504442843,124.923539325563,164.625418244199,88.594648523903,3.21516666666667,3.0,3.0962,58.5365867614746
2018-02-01,108.665772421324,125.158863460373,164.070012767263,88.8163305147703,3.248375,3.0,3.0108,54.9363059997559
2018-03-01,105.264065003387,122.245454392124,166.034039946672,89.2489764935573,3.2519,2.75,2.8079,53.538459777832
2018-04-01,103.263550227429,122.236479199944,169.076280896417,89.1266401691656,3.230625,2.75,2.7517,58.5626907348633
2018-05-01,102.75749189377,123.645125115466,170.022336280805,89.1430886514034,3.27361363636364,2.75,2.7579,59.7345123291016
2018-06-01,102.073769665735,122.19176830245,166.22905507239,89.440878461853,3.27095,2.75,2.7849,57.803466796875
2018-07-01,100.904186459154,119.852410489835,164.593299953497,89.7832456102935,3.27659523809524,2.75,2.7428,58.9665641784668
2018-08-01,97.9753747557128,115.544433053967,166.14976409944,89.9015505324364,3.28807142857143,2.75,2.7502,58.5329322814941
2018-09-01,96.959262858724,114.457606896665,167.812673970688,90.0738752726222,3.311325,2.75,2.7462,55.1282043457031
2018-10-01,97.7735843129997,116.136744274419,168.33848482974,90.1474507938922,3.33390909090909,2.75,2.7694,52.3809509277344
2018-11-01,99.1155591910915,113.755764096072,169.283093968319,90.2578255325897,3.374675,2.75,2.7525,55.4517135620117
2018-12-01,101.498652697053,114.096051444336,170.369015603978,90.4218937443323,3.36402631578947,2.75,2.7544,58.3032493591309
2019-01-01,101.406270438934,114.13469399946,167.455150049253,90.4809684380851,3.34386363636364,2.75,2.752,58.1210174560547
2019-02-01,99.3103189763383,112.914553241387,167.622825256679,90.595663429072,3.321475,2.75,2.7514,58.4935913085938
2019-03-01,100.795988799457,116.070292267236,170.550610142393,91.2547942250017,3.30469047619048,2.75,2.7542,59.6026496887207
2019-04-01,103.234114363989,118.691164662945,171.118899847166,91.4373773077339,3.303825,2.75,2.7524,55.8631935119629
2019-05-01,102.923548597181,116.438219527708,171.236230492186,91.5723515157514,3.33236363636364,2.75,2.7504,52.9051971435547
2019-06-01,103.447947717784,116.355791466926,171.154930782561,91.493350335306,3.32565,2.75,2.7923,49.8475608825684
2019-07-01,104.773335611732,117.61197712526,171.000914876569,91.6793898976101,3.29021428571428,2.75,2.7527,49.1071434020996
2019-08-01,104.07321108879,115.253617501388,172.591278721415,91.7352934900762,3.37756,2.5,2.5642,45.238094329834
2019-09-01,105.262101505678,116.128723884544,171.356941113398,91.7411489525572,3.35735714285714,2.5,2.5038,46.8023262023926
2019-10-01,103.68316380732,113.631919200423,172.556453223271,91.8427297350918,3.3597619047619,2.5,2.5045,47.0031547546387
2019-11-01,103.554643212723,115.067963935694,173.371584793124,91.9427558656052,3.3717,2.25,2.2984,49.6987953186035
2019-12-01,105.739106210214,117.400886943641,171.679404272136,92.1399925330876,3.35519047619048,2.25,2.2501,50.7716064453125
2020-01-01,109.680247885355,120.72586836593,172.934195324644,92.1895712817569,3.32736363636364,2.25,2.249,52.9239768981934
2020-02-01,106.974542392449,115.429319595879,172.727214614625,92.3206390707161,3.39035,2.25,2.2433,48.187313079834
2020-03-01,104.919960811204,110.127382614804,140.503002958334,92.9170303880033,3.49136363636364,1.25,1.8384,21.8120803833008
2020-04-01,104.887212688484,105.537712217968,104.35718010835,93.0142055130683,3.3975,0.25,0.6135,9.13705539703369
2020-05-01,107.677682151187,108.082560132896,116.059228900362,93.204097335048,3.42115,0.25,0.2414,14.3369178771973
2020-06-01,111.680158011358,113.819163159847,139.909969593455,92.9560841633195,3.47016666666667,0.25,0.169,28.7822875976563
2020-07-01,115.735377171126,118.564613318655,152.557843942335,93.3861811793687,3.51656818181818,0.25,0.1752,34.790210723877
2020-08-01,120.214405039467,124.405309656494,156.547130692248,93.2832332195989,3.56392857142857,0.25,0.1674,38.1188125610352
2020-09-01,122.661324190224,127.533710814902,160.51936835531,93.4104286127018,3.55490909090909,0.25,0.1106,46.5686274509804
2020-10-01,122.474614369051,128.163213768242,167.169520946249,93.4260987274024,3.59561363636364,0.25,0.2489,50.1628664495114
2020-11-01,123.299721208574,131.373193587223,168.922807960474,93.9123624949692,3.6077619047619,0.25,0.1883,52.8052805280528
2020-12-01,125.430521534072,137.804722233925,173.167361490965,93.9581285619732,3.60261904761905,0.25,0.2276,49.5
2021-01-01,129.807235191795,146.139168555271,172.164051017993,94.6561451002628,3.624575,0.25,0.2207,41.1764705882353
2021-02-01,126.374275800716,146.477271098299,168.443418980469,94.5375735473133,3.645275,0.25,0.1737,44.2176870748299
2021-03-01,125.466509499059,149.256929228839,168.376723986983,95.3311869507106,3.70815217391304,0.25,0.25,51.1824324324324
2021-04-01,123.038987931328,149.077575559347,167.468461228883,95.2313830125361,3.69945,0.25,0.249,39.7151898734177
2021-05-01,127.80268063486,159.710312444481,172.19857746939,95.4852294275117,3.77354761904762,0.25,0.25,44.8387096774194
2021-06-01,128.130951173551,162.803780134601,172.77746476187,95.9814390796482,3.91030952380952,0.25,0.25,39.4736842105263
2021-07-01,122.426791017047,157.498566571398,173.528789522653,96.948489573628,3.94005,0.25,0.25,42.9328621908127
2021-08-01,123.191963746169,158.808455307109,175.086278301496,97.9033694822447,4.08619047619048,0.5,0.4879,33.5640138408305
2021-09-01,123.491561625726,160.983250737254,176.126159187722,98.2953966184284,4.10747727272727,1.0,0.7745,35.0
2021-10-01,124.044461677533,166.355334856209,175.486747211402,98.8691125131803,4.01505,1.5,1.2916,42.5182481751825
2021-11-01,125.863327167046,170.339183333011,175.014762741503,99.2232454403164,4.01959523809524,2.0,1.7181,40.1079136690648
2021-12-01,123.661703216654,168.117231136528,176.059915194989,100.0,4.03697727272727,2.5,2.2519,41.2213740458015
2022-01-01,119.430796796375,163.490608385407,176.982265321709,100.037268,3.88928571428572,3.0,2.9861,44.4816053511706
2022-02-01,119.997116300663,169.320853537186,176.682047622781,100.34884,3.7908,3.5,3.3511,44.5205479452055
2022-03-01,117.986708991109,171.753100627175,175.30164255593,101.836672,3.73878260869565,4.0,3.8782,38.986013986014
2022-04-01,115.848126327606,170.364617019119,175.022055260789,102.816232,3.73973684210526,4.5,4.4543,34.9122807017544
2022-05-01,110.470933238666,163.160907462942,176.251895332725,103.211072,3.75754545454545,5.0,4.8926,36.0627177700348
2022-06-01,106.893609845989,162.905206529646,179.317052729016,104.439931,3.74714285714286,5.5,5.2778,34.115523465704
2022-07-01,106.471529313718,159.379825199714,177.733174304011,105.422597,3.90218421052632,6.0,5.8918,34.2857142857143
2022-08-01,109.598957860058,158.883391964868,177.408945016816,106.125283,3.87379545454545,6.5,6.2823,35.5633802816901
2022-09-01,106.439828712438,151.248334409875,179.495469139942,106.679849,3.89770454545455,6.75,6.6726,36.525974025974
2022-10-01,108.011525090242,152.212073350636,179.405617502151,107.050724,3.97871428571429,7.0,6.9748,35.7394366197183
2022-11-01,113.264145524829,158.553824309788,178.521843716054,107.604861,3.87730952380952,7.25,7.1999,37.9310344827586
2022-12-01,119.145500678169,161.590213723998,179.023255014478,108.459162,3.829175,7.5,7.4533,42.3636363636364
2023-01-01,117.211830492737,160.47548316027,175.538186117904,108.704764,3.83278571428571,7.75,7.6413,31.8840579710145
2023-02-01,117.001444846447,159.328361041531,176.209312526868,109.024924,3.840875,7.75,7.7612,41.4855072463768
2023-03-01,119.738343928,158.609460940782,176.968791266741,110.391537,3.77960869565217,7.75,7.7382,42.9090909090909
2023-04-01,119.754204874607,158.150013362754,176.687425034042,111.005592,3.76561111111111,7.75,7.7459,43.9338235294118
2023-05-01,118.465909065526,152.25267200584,174.205884177575,111.358436,3.68870454545455,7.75,7.746,44.5054945054945
2023-06-01,119.890534762815,153.709326260216,178.389612909719,111.188314,3.65104761904762,7.75,7.7164,42.7777777777778
2023-07-01,120.385604401198,154.497563299405,175.55607284978,111.623134,3.6013,7.75,7.7481,44.4852941176471
2023-08-01,121.995189389266,155.73306057906,177.273544890054,112.042985,3.69634090909091,7.75,7.7452,44.0647482014389
2023-09-01,124.33697372105,159.706848149963,178.226772279038,112.061363,3.72966666666667,7.5,7.6024,40.4059040590406
2023-10-01,122.743581559373,157.952896714964,177.708044328767,111.700024,3.84440909090909,7.25,7.2814,38.6973180076628
2023-11-01,124.212773286628,158.950446376765,179.544540628351,111.517885,3.76188095238095,7.0,7.0889,37.5925925925926
2023-12-01,129.754561627093,161.409133073772,177.94208243702,111.9704,3.73368421052632,6.75,6.858,41.1764705882353
2024-01-01,127.798677851705,159.432592380128,178.791698564371,111.991911,3.73980952380952,6.5,6.601,43.8432835820895
2024-02-01,125.384587169233,157.228355364418,178.714605943273,112.616278,3.82730952380952,6.25,6.3599,47.1774193548387
2024-03-01,126.939760097157,161.69235207065,180.331867541023,113.75301,3.70955263157895,6.25,6.2368,50.8
2024-04-01,133.159382986113,168.002302826589,182.273289709686,113.694232,3.71315909090909,6.0,6.0761,50.0
2024-05-01,135.299567495689,171.51684516124,183.960512446356,113.591104,3.73097727272727,5.75,5.8595,47.5285171102662
2024-06-01,136.258110346407,171.631075217481,180.151783846905,113.729392,3.78463157894737,5.75,5.7409,50.3703703703704
2024-07-01,138.136530881431,172.802592948303,183.142003459551,113.998099,3.7644,5.75,5.7126,51.1363636363636
2024-08-01,138.383880591451,170.942504590351,185.173621902032,114.322048,3.741325,5.5,5.5272,51.9305019305019
2024-09-01,143.315816220068,176.195695447847,184.332772760658,114.050464,3.76821428571429,5.25,5.3487,51.7716535433071
2024-10-01,142.44765024314,174.549908004743,184.553940301195,113.944279,3.75359090909091,5.25,5.2319,51.7374517374517
2024-11-01,142.192504674003,173.737618745249,187.895068452118,114.051561,3.77885,5.0,5.0847,50.5769230769231
2024-12-01,144.140937719277,176.893562102774,186.365603465107,114.172077,3.73489473684211,5.0,4.946,50.0
2025-01-01,144.924647370858,178.281933446306,186.631247654167,114.065534,3.74775,4.75,4.7349,52.5925925925926
2025-02-01,147.817070293917,183.677072021053,187.008810465743,114.279991,3.6977,4.75,4.7755,54.5454545454545
2025-03-01,149.963347678101,184.042975634068,186.138383459729,115.205841,3.65259523809524,4.75,4.7203,53.9344262295082
2025-04-01,153.885909614358,188.396479416425,187.618060590359,115.572272,3.6997,4.75,4.7565,52.1311475409836
2025-05-01,159.807864285545,192.061828044043,188.185812387631,115.507003,3.66014285714286,4.5,4.484,53.9655172413793
2025-06-01,161.634708395217,196.366239994287,188.17357685563,115.655637,3.60390476190476,4.5,4.49889399603857,52.9032258064516
2025-07-01,162.604968458211,198.665505116202,190.187827971278,115.9233,3.5562,4.5,4.5,54.5454545454545
2025-08-01,162.693852517293,197.997707620393,190.90826254631,115.586828,3.5432,4.5,4.5079,54.4326241134752
2025-09-01,170.641697111079,208.690550218119,191.758369433757,115.599718,3.50281818181818,4.25,4.3685,55.6313993174061
2025-10-01,176.266544358576,214.846494917558,192.238348969936,115.484549,3.41409090909091,4.25,4.25,55.8922558922559
2025-11-01,178.163121172806,219.027136364338,190.953981032527,115.612485,3.37285,4.25,4.2478,58.17843866171
2025-12-01,189.594858269687,229.549951092666,194.003668464196,115.894705,3.36673684210526,4.25,4.2411,55.3082191780822
2026-01-01,203.006196556086,247.486231297464,194.209007806738,116.005694,3.35675,4.25,4.2276,56.5298507462687
2026-02-01,204.89135301606,253.503487805394,193.871919740802,116.81034,3.356975,4.25,4.2481,50.1893939393939
2026-03-01,198.062205301019,257.071435451528,191.689329381905,119.5889,3.44677272727273,4.25,4.2473,52.0220588235294
2026-04-01,188.583180662599,254.120730711344,194.773434999731,120.211509,3.442675,4.25,4.246,44.589552238806
2026-05-01,182.437409635755,252.483384099533,192.852234158519,120.017612,3.434825,4.25,4.2494,46.2121212121212
2026-06-01,179.715325170521,248.66857315911,191.523368338774,120.292167,3.40457142857143,4.25,4.246,55.4982817869416
2026-07-01,180.742927385304,244.814657210192,,120.635759,3.4,4.25,4.2455,62.267657992565
2026-08-01,,,,120.716351,3.36385,4.25,4.2415,57.3134328358209
